,Secondary market government bond closing yields,Secondary market government bond closing yields,Secondary market government bond closing yields,Secondary market government bond closing yields,Swap rates close,Swap rates close,Swap rates close,Swap rates close,Swap rates close,Swap rates close,Swap rates close,Swap rates close,Swap rates close
,1 year,2 year,5 year,10 year,1 year,2 year,3 year,4 year,5 year,7 year,10 year,15 year,Spread 2-10 year
Notes,Yes,,,,,,,,,,,,Yes
Unit,%pa,%pa,%pa,%pa,%pa,%pa,%pa,%pa,%pa,%pa,%pa,%pa,%pa
Series Id,INM.DG101.NZZC,INM.DG102.NZZC,INM.DG105.NZZC,INM.DG110.NZZC,INM.DS01.NZZC,INM.DS02.NZZC,INM.DS03.NZZC,INM.DS04.NZZC,INM.DS05.NZZC,INM.DS07.NZZC,INM.DS10.NZZC,INM.DS15.NZZC,INM.DS61.NZZC
03 Jan 2014,3.22,,4.24,4.74,3.45,3.87,4.24,4.52,4.75,5.05,5.28,5.51,141
06 Jan 2014,3.23,,4.23,4.73,3.42,3.85,4.22,4.49,4.72,5.03,5.27,5.49,142
07 Jan 2014,3.23,,4.22,4.71,3.40,3.83,4.20,4.47,4.70,5.01,5.25,5.47,142
08 Jan 2014,3.23,,4.20,4.69,3.37,3.80,4.17,4.44,4.67,4.98,5.21,5.44,141
09 Jan 2014,3.23,,4.24,4.74,3.39,3.82,4.18,4.46,4.68,4.99,5.23,5.46,141
10 Jan 2014,3.24,,4.21,4.71,3.39,3.81,4.16,4.43,4.65,4.96,5.20,5.43,139
13 Jan 2014,3.22,,4.16,4.66,3.37,3.80,4.14,4.40,4.62,4.93,5.17,5.40,137
14 Jan 2014,3.22,,4.16,4.66,3.38,3.81,4.14,4.40,4.61,4.91,5.15,5.38,135
15 Jan 2014,3.24,,4.19,4.69,3.38,3.82,4.15,4.41,4.63,4.94,5.18,5.41,136
16 Jan 2014,3.24,,4.18,4.65,3.38,3.79,4.12,4.38,4.59,4.89,5.13,5.36,134
17 Jan 2014,3.22,,4.13,4.60,3.36,3.77,4.08,4.32,4.53,4.83,5.08,5.31,131
20 Jan 2014,3.22,,4.13,4.60,3.36,3.77,4.08,4.32,4.53,4.83,5.08,5.31,131
21 Jan 2014,3.25,,4.17,4.61,3.41,3.83,4.13,4.36,4.56,4.86,5.11,5.33,128
22 Jan 2014,3.26,,4.17,4.62,3.44,3.86,4.15,4.38,4.58,4.88,5.13,5.35,127
23 Jan 2014,3.26,,4.17,4.63,3.47,3.85,4.15,4.38,4.58,4.88,5.12,5.35,127
24 Jan 2014,3.25,,4.12,4.58,3.45,3.82,4.10,4.32,4.51,4.80,5.04,5.27,123
27 Jan 2014,3.25,,4.12,4.58,3.45,3.82,4.10,4.32,4.51,4.80,5.04,5.27,123
28 Jan 2014,3.26,,4.11,4.57,3.44,3.83,4.11,4.33,4.52,4.81,5.05,5.27,122
29 Jan 2014,3.26,,4.13,4.60,3.45,3.84,4.12,4.34,4.54,4.84,5.08,5.31,125
30 Jan 2014,3.23,,4.05,4.53,3.41,3.78,4.07,4.29,4.48,4.78,5.02,5.25,124
31 Jan 2014,3.25,,4.09,4.57,3.44,3.86,4.16,4.37,4.56,4.86,5.10,5.32,124
03 Feb 2014,3.24,,4.06,4.54,3.42,3.85,4.14,4.36,4.54,4.83,5.05,5.28,120
04 Feb 2014,3.24,,4.02,4.50,3.42,3.81,4.11,4.32,4.51,4.78,5.00,5.23,119
05 Feb 2014,3.25,,4.05,4.52,3.43,3.84,4.14,4.35,4.54,4.82,5.04,5.27,120
07 Feb 2014,3.28,,4.09,4.56,3.44,3.87,4.17,4.39,4.58,4.86,5.09,5.32,123
10 Feb 2014,3.29,,4.08,4.55,3.43,3.85,4.16,4.38,4.57,4.85,5.08,5.31,124
11 Feb 2014,3.24,,4.09,4.60,3.44,3.85,4.16,4.39,4.58,4.87,5.11,5.33,126
12 Feb 2014,3.23,,4.10,4.60,3.45,3.87,4.18,4.40,4.59,4.89,5.13,5.36,126
13 Feb 2014,3.23,,4.10,4.60,3.45,3.87,4.18,4.41,4.60,4.90,5.16,5.39,129
14 Feb 2014,3.22,,4.09,4.59,3.46,3.86,4.17,4.39,4.58,4.88,5.13,5.36,127
17 Feb 2014,3.22,,4.08,4.60,3.43,3.85,4.16,4.38,4.58,4.87,5.12,5.36,128
18 Feb 2014,3.22,,4.07,4.59,3.42,3.81,4.12,4.34,4.54,4.83,5.07,5.31,126
19 Feb 2014,3.20,,4.05,4.57,3.43,3.81,4.10,4.32,4.51,4.80,5.06,5.29,125
20 Feb 2014,3.20,,4.05,4.57,3.44,3.81,4.10,4.31,4.50,4.80,5.05,5.28,124
21 Feb 2014,3.21,,4.06,4.58,3.46,3.83,4.12,4.34,4.53,4.82,5.07,5.31,124
24 Feb 2014,3.20,,4.05,4.57,3.44,3.82,4.11,4.32,4.50,4.80,5.05,5.29,123
25 Feb 2014,3.20,,4.05,4.57,3.44,3.82,4.11,4.33,4.51,4.80,5.05,5.29,123
26 Feb 2014,3.20,,4.04,4.56,3.44,3.81,4.10,4.31,4.49,4.78,5.03,5.27,122
27 Feb 2014,3.20,,4.03,4.55,3.44,3.80,4.08,4.29,4.46,4.75,4.99,5.23,119
28 Feb 2014,3.20,,4.03,4.55,3.46,3.82,4.10,4.31,4.49,4.76,5.00,5.24,118
03 Mar 2014,3.20,,4.00,4.52,3.44,3.80,4.08,4.28,4.46,4.73,4.97,5.20,117
04 Mar 2014,3.20,,4.02,4.53,3.45,3.82,4.08,4.27,4.43,4.70,4.93,5.17,112
05 Mar 2014,3.22,,4.03,4.54,3.47,3.86,4.13,4.33,4.49,4.76,5.00,5.24,114
06 Mar 2014,3.22,,4.08,4.58,3.49,3.90,4.17,4.37,4.54,4.81,5.05,5.28,115
07 Mar 2014,3.23,,4.12,4.62,3.52,3.95,4.22,4.42,4.59,4.87,5.11,5.34,116
10 Mar 2014,3.23,,4.13,4.63,3.51,3.95,4.21,4.41,4.58,4.86,5.11,5.34,116
11 Mar 2014,3.23,,4.12,4.62,3.51,3.93,4.19,4.39,4.56,4.84,5.08,5.31,115
12 Mar 2014,3.26,,4.11,4.61,3.52,3.93,4.19,4.39,4.55,4.83,5.07,5.30,114
13 Mar 2014,3.27,,4.10,4.56,3.56,4.01,4.28,4.45,4.60,4.85,5.07,5.30,106
14 Mar 2014,3.27,,4.06,4.52,3.54,4.03,4.28,4.44,4.57,4.81,5.02,5.25,100
17 Mar 2014,3.28,,4.08,4.51,3.58,4.06,4.30,4.45,4.58,4.81,5.02,5.25,97
18 Mar 2014,3.30,,4.15,4.58,3.57,4.05,4.32,4.48,4.61,4.85,5.07,5.30,102
19 Mar 2014,3.29,,4.15,4.58,3.56,4.03,4.30,4.46,4.59,4.82,5.03,5.26,100
20 Mar 2014,3.31,,4.19,4.62,3.56,4.02,4.30,4.48,4.61,4.85,5.07,5.30,105
21 Mar 2014,3.29,,4.19,4.62,3.56,4.02,4.30,4.48,4.62,4.86,5.08,5.31,106
24 Mar 2014,3.29,,4.19,4.62,3.56,4.02,4.30,4.49,4.63,4.87,5.08,5.31,106
25 Mar 2014,3.29,,4.18,4.61,3.57,4.01,4.29,4.48,4.62,4.85,5.07,5.30,106
26 Mar 2014,3.29,,4.18,4.60,3.58,4.01,4.30,4.48,4.63,4.86,5.06,5.29,105
27 Mar 2014,3.34,,4.18,4.59,3.58,4.01,4.30,4.48,4.61,4.83,5.02,5.25,101
28 Mar 2014,3.34,,4.18,4.57,3.59,4.03,4.30,4.48,4.61,4.82,5.01,5.23,98
31 Mar 2014,3.34,,4.19,4.59,3.61,4.05,4.32,4.50,4.63,4.84,5.03,5.25,99
01 Apr 2014,3.34,,4.20,4.59,3.63,4.08,4.35,4.53,4.66,4.87,5.06,5.28,99
02 Apr 2014,3.35,,4.25,4.63,3.64,4.09,4.37,4.54,4.67,4.89,5.08,5.29,99
03 Apr 2014,3.35,,4.29,4.65,3.64,4.09,4.37,4.54,4.68,4.89,5.09,5.30,100
04 Apr 2014,3.35,,4.28,4.64,3.64,4.09,4.37,4.54,4.68,4.89,5.08,5.30,100
07 Apr 2014,3.35,,4.24,4.60,3.63,4.07,4.34,4.52,4.65,4.86,5.05,5.26,98
08 Apr 2014,3.35,,4.25,4.60,3.63,4.07,4.34,4.51,4.65,4.85,5.03,5.25,97
09 Apr 2014,3.34,,4.25,4.57,3.64,4.06,4.33,4.50,4.63,4.82,5.00,5.21,94
10 Apr 2014,3.36,,4.27,4.59,3.64,4.07,4.34,4.51,4.64,4.85,5.03,5.25,97
11 Apr 2014,3.39,,4.27,4.58,3.65,4.06,4.33,4.51,4.64,4.84,5.03,5.24,97
14 Apr 2014,3.38,,4.26,4.56,3.64,4.03,4.30,4.47,4.60,4.80,4.99,5.20,96
15 Apr 2014,3.45,,4.27,4.57,3.66,4.04,4.30,4.47,4.61,4.81,5.00,5.21,96
16 Apr 2014,3.45,,4.25,4.54,3.64,4.00,4.26,4.42,4.55,4.76,4.95,5.16,95
17 Apr 2014,3.47,,4.25,4.51,3.64,4.02,4.27,4.43,4.57,4.77,4.96,5.18,94
22 Apr 2014,3.47,,4.28,4.55,3.66,4.06,4.31,4.48,4.61,4.81,5.00,5.21,94
23 Apr 2014,3.46,,4.24,4.52,3.65,4.04,4.29,4.46,4.59,4.78,4.98,5.19,94
24 Apr 2014,3.45,,4.20,4.49,3.64,4.03,4.28,4.44,4.57,4.76,4.95,5.17,92
28 Apr 2014,3.44,,4.14,4.43,3.63,4.01,4.25,4.41,4.53,4.71,4.90,5.12,90
29 Apr 2014,3.44,,4.13,4.42,3.63,4.00,4.24,4.40,4.52,4.71,4.91,5.12,91
30 Apr 2014,3.44,,4.11,4.40,3.64,4.00,4.24,4.40,4.52,4.71,4.91,5.12,91
01 May 2014,3.43,,4.08,4.38,3.63,3.99,4.23,4.38,4.50,4.70,4.90,5.12,92
02 May 2014,3.43,,4.09,4.39,3.65,4.01,4.25,4.41,4.53,4.72,4.92,5.15,91
05 May 2014,3.43,,4.06,4.35,3.64,3.99,4.22,4.37,4.49,4.67,4.87,5.09,88
06 May 2014,3.43,,4.07,4.36,3.65,4.01,4.24,4.39,4.50,4.69,4.88,5.10,87
07 May 2014,3.42,,4.03,4.31,3.62,3.95,4.18,4.33,4.44,4.63,4.83,5.06,88
08 May 2014,3.41,,4.01,4.28,3.62,3.94,4.15,4.29,4.41,4.60,4.79,5.02,86
09 May 2014,3.41,,3.97,4.25,3.64,3.96,4.16,4.30,4.41,4.60,4.79,5.02,83
12 May 2014,3.41,,4.00,4.29,3.65,3.97,4.18,4.32,4.43,4.62,4.82,5.05,85
13 May 2014,3.41,,4.02,4.33,3.67,4.01,4.21,4.35,4.47,4.66,4.85,5.09,85
14 May 2014,3.40,,4.01,4.31,3.67,3.99,4.20,4.34,4.45,4.64,4.83,5.07,84
15 May 2014,3.40,,3.98,4.27,3.66,3.99,4.19,4.32,4.43,4.62,4.80,5.03,81
16 May 2014,3.39,,3.99,4.27,3.66,3.96,4.16,4.29,4.39,4.57,4.74,4.97,78
19 May 2014,3.40,,3.99,4.27,3.66,3.96,4.16,4.29,4.39,4.57,4.74,4.97,78
20 May 2014,3.40,,3.99,4.27,3.67,3.97,4.16,4.29,4.40,4.58,4.75,4.99,79
21 May 2014,3.40,,3.98,4.26,3.66,3.95,4.14,4.27,4.38,4.56,4.74,4.97,79
22 May 2014,3.40,,4.02,4.32,3.68,3.98,4.17,4.31,4.42,4.60,4.79,5.03,81
23 May 2014,3.39,,4.03,4.33,3.68,3.97,4.16,4.30,4.41,4.60,4.80,5.03,83
26 May 2014,3.38,,4.00,4.30,3.66,3.95,4.14,4.28,4.38,4.57,4.76,5.00,82
27 May 2014,3.38,,3.99,4.30,3.65,3.93,4.12,4.25,4.36,4.55,4.74,4.98,81
28 May 2014,3.38,,3.97,4.27,3.64,3.92,4.11,4.24,4.35,4.54,4.73,4.97,81
29 May 2014,3.38,,3.91,4.20,3.64,3.88,4.06,4.19,4.30,4.48,4.67,4.91,79
30 May 2014,3.40,,3.94,4.25,3.68,3.93,4.11,4.25,4.36,4.54,4.73,4.97,80
03 Jun 2014,3.40,,3.95,4.26,3.68,3.94,4.13,4.27,4.38,4.56,4.76,4.99,82
04 Jun 2014,3.41,,4.01,4.35,3.68,3.96,4.15,4.30,4.42,4.61,4.82,5.05,86
05 Jun 2014,3.41,,4.01,4.35,3.68,3.95,4.15,4.29,4.41,4.61,4.81,5.05,86
06 Jun 2014,3.41,,4.01,4.36,3.69,3.95,4.15,4.29,4.41,4.61,4.81,5.05,86
09 Jun 2014,3.41,,4.02,4.36,3.70,3.98,4.17,4.32,4.43,4.63,4.83,5.07,86
10 Jun 2014,3.45,,4.03,4.38,3.72,4.01,4.20,4.34,4.45,4.65,4.85,5.09,84
11 Jun 2014,3.46,,4.07,4.42,3.74,4.03,4.22,4.36,4.47,4.66,4.87,5.10,84
12 Jun 2014,3.51,,4.11,4.45,3.83,4.13,4.31,4.44,4.55,4.73,4.92,5.15,79
13 Jun 2014,3.55,,4.14,4.48,3.87,4.18,4.35,4.47,4.57,4.74,4.91,5.13,74
16 Jun 2014,3.56,,4.15,4.48,3.89,4.21,4.38,4.50,4.60,4.76,4.92,5.13,71
17 Jun 2014,3.55,,4.12,4.44,3.88,4.18,4.36,4.48,4.57,4.72,4.88,5.09,70
18 Jun 2014,3.56,,4.17,4.50,3.91,4.21,4.39,4.51,4.61,4.77,4.93,5.14,72
19 Jun 2014,3.55,,4.11,4.43,3.88,4.16,4.33,4.45,4.54,4.70,4.85,5.06,70
20 Jun 2014,3.56,,4.11,4.43,3.88,4.15,4.32,4.44,4.53,4.68,4.84,5.05,69
23 Jun 2014,3.58,,4.13,4.45,3.90,4.17,4.34,4.46,4.55,4.70,4.86,5.07,69
24 Jun 2014,3.58,,4.13,4.46,3.91,4.19,4.37,4.49,4.58,4.74,4.90,5.10,71
25 Jun 2014,3.56,,4.12,4.45,3.90,4.17,4.34,4.46,4.56,4.71,4.88,5.09,71
26 Jun 2014,3.57,,4.14,4.48,3.92,4.21,4.39,4.51,4.61,4.76,4.92,5.13,72
27 Jun 2014,3.57,,4.09,4.41,3.93,4.19,4.36,4.49,4.59,4.73,4.89,5.10,71
30 Jun 2014,3.57,,4.08,4.41,3.93,4.21,4.38,4.50,4.60,4.74,4.89,5.10,69
01 Jul 2014,3.57,,4.13,4.45,3.94,4.24,4.42,4.55,4.64,4.78,4.94,5.13,70
02 Jul 2014,3.58,,4.15,4.44,3.93,4.23,4.41,4.54,4.63,4.77,4.90,5.08,68
03 Jul 2014,3.58,,4.18,4.47,3.93,4.22,4.41,4.54,4.64,4.79,4.93,5.11,71
04 Jul 2014,3.59,,4.20,4.49,3.94,4.24,4.43,4.56,4.66,4.81,4.96,5.14,72
07 Jul 2014,3.59,,4.22,4.51,3.95,4.25,4.44,4.58,4.68,4.83,4.98,5.16,73
08 Jul 2014,3.61,,4.24,4.53,3.96,4.26,4.46,4.60,4.70,4.85,5.00,5.19,74
09 Jul 2014,3.60,,4.20,4.49,3.95,4.24,4.43,4.57,4.67,4.81,4.94,5.13,71
10 Jul 2014,3.63,,4.19,4.48,3.95,4.23,4.42,4.56,4.66,4.80,4.93,5.11,70
11 Jul 2014,3.62,,4.14,4.43,3.93,4.19,4.38,4.52,4.61,4.75,4.87,5.06,68
14 Jul 2014,3.62,,4.14,4.43,3.94,4.20,4.39,4.52,4.62,4.75,4.88,5.07,69
15 Jul 2014,3.62,,4.17,4.45,3.96,4.22,4.42,4.55,4.65,4.79,4.92,5.10,70
16 Jul 2014,3.62,,4.09,4.38,3.89,4.13,4.33,4.47,4.58,4.72,4.86,5.05,73
17 Jul 2014,3.63,,4.08,4.36,3.89,4.14,4.33,4.47,4.57,4.71,4.85,5.04,71
18 Jul 2014,3.58,,4.05,4.31,3.88,4.10,4.28,4.41,4.51,4.65,4.77,4.96,67
21 Jul 2014,3.61,,4.07,4.32,3.90,4.13,4.31,4.44,4.54,4.68,4.80,4.99,67
22 Jul 2014,3.60,,4.02,4.26,3.89,4.11,4.28,4.41,4.50,4.63,4.75,4.93,64
23 Jul 2014,3.58,,3.98,4.20,3.91,4.13,4.29,4.41,4.50,4.62,4.74,4.92,61
24 Jul 2014,3.55,,3.96,4.20,3.88,4.09,4.26,4.38,4.47,4.59,4.72,4.90,63
25 Jul 2014,3.55,,3.99,4.24,3.90,4.11,4.28,4.40,4.49,4.63,4.76,4.94,65
28 Jul 2014,3.55,,3.96,4.21,3.88,4.08,4.25,4.37,4.46,4.60,4.73,4.91,65
29 Jul 2014,3.56,,3.99,4.23,3.88,4.08,4.24,4.37,4.47,4.60,4.74,4.92,67
30 Jul 2014,3.56,,3.96,4.21,3.87,4.06,4.22,4.35,4.44,4.58,4.72,4.90,66
31 Jul 2014,3.58,,4.01,4.26,3.89,4.09,4.26,4.39,4.49,4.63,4.78,4.96,69
01 Aug 2014,3.58,,4.03,4.28,3.89,4.09,4.26,4.39,4.49,4.63,4.77,4.95,68
04 Aug 2014,3.56,,4.02,4.26,3.87,4.07,4.24,4.36,4.46,4.60,4.74,4.91,67
05 Aug 2014,3.57,,4.02,4.27,3.89,4.08,4.24,4.37,4.46,4.60,4.73,4.91,65
06 Aug 2014,3.57,,4.05,4.29,3.89,4.09,4.25,4.38,4.47,4.62,4.75,4.93,66
07 Aug 2014,3.57,,4.02,4.27,3.87,4.08,4.24,4.37,4.46,4.60,4.73,4.91,66
08 Aug 2014,3.56,,3.92,4.16,3.84,4.04,4.20,4.31,4.40,4.54,4.66,4.83,62
11 Aug 2014,3.56,,3.98,4.22,3.86,4.07,4.23,4.35,4.44,4.58,4.71,4.89,64
12 Aug 2014,3.56,,3.98,4.21,3.86,4.07,4.23,4.34,4.43,4.57,4.70,4.88,63
13 Aug 2014,3.59,,3.99,4.22,3.86,4.07,4.23,4.34,4.43,4.56,4.70,4.88,63
14 Aug 2014,3.59,,3.95,4.19,3.85,4.05,4.20,4.31,4.40,4.54,4.68,4.85,63
15 Aug 2014,3.59,,3.93,4.15,3.85,4.05,4.20,4.30,4.39,4.51,4.64,4.81,59
18 Aug 2014,3.58,,3.90,4.11,3.83,4.02,4.15,4.25,4.34,4.46,4.58,4.75,57
19 Aug 2014,3.57,,3.93,4.14,3.84,4.04,4.17,4.28,4.36,4.49,4.62,4.78,58
20 Aug 2014,3.56,,3.99,4.21,3.86,4.07,4.20,4.30,4.39,4.53,4.65,4.81,59
21 Aug 2014,3.58,,4.03,4.26,3.88,4.09,4.23,4.34,4.43,4.57,4.70,4.86,61
22 Aug 2014,3.57,,4.02,4.24,3.87,4.09,4.23,4.34,4.43,4.56,4.69,4.85,60
25 Aug 2014,3.57,,4.02,4.24,3.86,4.07,4.21,4.32,4.41,4.54,4.66,4.82,60
26 Aug 2014,3.56,,3.96,4.16,3.84,4.03,4.17,4.27,4.36,4.49,4.60,4.76,57
27 Aug 2014,3.56,,3.95,4.13,3.83,4.04,4.18,4.27,4.35,4.47,4.57,4.73,53
28 Aug 2014,3.56,,3.94,4.09,3.84,4.06,4.18,4.27,4.34,4.46,4.56,4.72,50
29 Aug 2014,3.57,,3.93,4.06,3.84,4.07,4.19,4.28,4.35,4.46,4.56,4.71,49
01 Sep 2014,3.58,,3.93,4.07,3.86,4.08,4.21,4.29,4.36,4.47,4.57,4.72,49
02 Sep 2014,3.59,,3.94,4.07,3.86,4.07,4.21,4.29,4.36,4.47,4.56,4.72,49
03 Sep 2014,3.58,,4.00,4.16,3.86,4.08,4.22,4.32,4.40,4.52,4.63,4.78,55
04 Sep 2014,3.58,,4.00,4.16,3.86,4.08,4.23,4.34,4.42,4.54,4.65,4.80,57
05 Sep 2014,3.58,,4.03,4.19,3.85,4.08,4.24,4.35,4.45,4.57,4.68,4.84,61
08 Sep 2014,3.58,,4.01,4.17,3.84,4.07,4.23,4.35,4.44,4.57,4.67,4.83,61
09 Sep 2014,3.58,,4.05,4.22,3.86,4.09,4.26,4.38,4.48,4.61,4.72,4.88,63
10 Sep 2014,3.59,,4.07,4.24,3.86,4.11,4.27,4.40,4.49,4.62,4.73,4.89,63
11 Sep 2014,3.56,,4.04,4.23,3.82,4.05,4.22,4.34,4.44,4.57,4.69,4.84,64
12 Sep 2014,3.56,,4.06,4.27,3.83,4.06,4.22,4.34,4.44,4.58,4.69,4.85,63
15 Sep 2014,3.56,,4.07,4.28,3.83,4.07,4.23,4.35,4.44,4.58,4.70,4.85,63
16 Sep 2014,3.55,,4.03,4.24,3.81,4.03,4.19,4.31,4.40,4.53,4.65,4.80,62
17 Sep 2014,3.55,,4.02,4.23,3.81,4.03,4.18,4.30,4.39,4.52,4.62,4.78,60
18 Sep 2014,3.55,,4.05,4.27,3.82,4.05,4.21,4.33,4.42,4.56,4.68,4.83,63
19 Sep 2014,3.55,,4.07,4.30,3.83,4.06,4.22,4.34,4.44,4.58,4.71,4.86,64
22 Sep 2014,3.55,,4.02,4.24,3.83,4.04,4.20,4.32,4.41,4.55,4.67,4.82,63
23 Sep 2014,3.54,,3.99,4.20,3.82,4.03,4.19,4.30,4.39,4.52,4.63,4.79,60
24 Sep 2014,3.54,,3.98,4.19,3.82,4.05,4.19,4.30,4.39,4.51,4.61,4.76,57
25 Sep 2014,3.54,,3.97,4.18,3.83,4.04,4.18,4.29,4.37,4.49,4.59,4.74,55
26 Sep 2014,3.53,,3.95,4.13,3.84,4.04,4.18,4.26,4.33,4.44,4.54,4.69,50
29 Sep 2014,3.53,,3.96,4.14,3.85,4.07,4.20,4.28,4.35,4.46,4.56,4.71,49
30 Sep 2014,3.53,,3.97,4.14,3.86,4.09,4.22,4.30,4.36,4.47,4.57,4.72,48
01 Oct 2014,3.53,,4.04,4.13,3.86,4.09,4.23,4.31,4.38,4.48,4.58,4.73,49
02 Oct 2014,3.52,,3.99,4.07,3.83,4.05,4.18,4.26,4.33,4.43,4.52,4.67,47
03 Oct 2014,3.52,,4.04,4.12,3.84,4.07,4.20,4.29,4.35,4.45,4.55,4.70,48
06 Oct 2014,3.52,,4.04,4.12,3.84,4.07,4.20,4.28,4.35,4.45,4.55,4.70,48
07 Oct 2014,3.52,,4.04,4.12,3.83,4.07,4.20,4.28,4.35,4.45,4.54,4.69,48
08 Oct 2014,3.51,,4.02,4.10,3.82,4.04,4.17,4.25,4.31,4.41,4.50,4.65,46
09 Oct 2014,3.50,,3.99,4.07,3.81,4.02,4.14,4.22,4.29,4.38,4.47,4.62,45
10 Oct 2014,3.50,,4.01,4.09,3.80,4.02,4.14,4.22,4.28,4.38,4.47,4.62,45
13 Oct 2014,3.51,,3.95,4.03,3.79,3.99,4.11,4.18,4.24,4.34,4.43,4.57,44
14 Oct 2014,3.51,,3.94,4.02,3.79,3.98,4.09,4.17,4.22,4.32,4.41,4.55,43
15 Oct 2014,3.50,,3.92,4.01,3.78,3.95,4.07,4.14,4.20,4.29,4.38,4.52,43
16 Oct 2014,3.50,,3.84,3.93,3.76,3.93,4.04,4.11,4.16,4.24,4.33,4.47,40
17 Oct 2014,3.50,,3.88,3.98,3.78,3.96,4.08,4.15,4.21,4.31,4.40,4.55,44
20 Oct 2014,3.50,,3.95,4.06,3.78,3.98,4.10,4.18,4.24,4.35,4.45,4.60,48
21 Oct 2014,3.50,,3.90,4.01,3.77,3.94,4.06,4.14,4.21,4.31,4.41,4.55,47
22 Oct 2014,3.50,,3.91,4.03,3.77,3.96,4.08,4.16,4.22,4.32,4.42,4.57,47
23 Oct 2014,3.50,,3.86,3.97,3.75,3.91,4.03,4.11,4.17,4.27,4.38,4.53,48
24 Oct 2014,3.50,,3.88,4.00,3.75,3.92,4.05,4.13,4.20,4.32,4.43,4.58,51
28 Oct 2014,3.50,,3.86,3.99,3.74,3.90,4.02,4.11,4.18,4.29,4.40,4.55,51
29 Oct 2014,3.50,,3.88,4.00,3.74,3.90,4.02,4.11,4.18,4.29,4.40,4.55,50
30 Oct 2014,3.50,,3.87,4.01,3.73,3.88,4.00,4.10,4.18,4.30,4.42,4.57,54
31 Oct 2014,3.50,,3.86,4.00,3.73,3.87,3.99,4.08,4.16,4.28,4.40,4.55,53
03 Nov 2014,3.50,,3.85,3.99,3.73,3.87,3.99,4.08,4.16,4.28,4.40,4.55,53
04 Nov 2014,3.50,,3.84,3.98,3.73,3.88,3.99,4.07,4.15,4.28,4.40,4.55,52
05 Nov 2014,3.50,,3.86,4.00,3.74,3.89,4.00,4.08,4.16,4.29,4.41,4.57,53
06 Nov 2014,3.50,,3.88,4.02,3.74,3.90,4.00,4.09,4.17,4.30,4.42,4.58,53
07 Nov 2014,3.52,,3.92,4.07,3.76,3.93,4.04,4.13,4.21,4.34,4.47,4.63,55
10 Nov 2014,3.52,,3.86,4.01,3.74,3.90,4.00,4.09,4.17,4.30,4.42,4.57,52
11 Nov 2014,3.52,,3.90,4.05,3.76,3.92,4.03,4.12,4.20,4.33,4.45,4.61,53
12 Nov 2014,3.52,,3.93,4.08,3.77,3.95,4.06,4.14,4.22,4.35,4.48,4.63,53
13 Nov 2014,3.52,,3.97,4.12,3.79,3.96,4.07,4.16,4.24,4.38,4.51,4.66,55
14 Nov 2014,3.52,,3.94,4.09,3.77,3.95,4.06,4.14,4.22,4.34,4.47,4.63,52
17 Nov 2014,3.52,,3.91,4.06,3.77,3.95,4.05,4.13,4.20,4.33,4.45,4.60,51
18 Nov 2014,3.52,,3.92,4.06,3.77,3.95,4.06,4.14,4.21,4.33,4.46,4.61,51
19 Nov 2014,3.52,,3.90,4.05,3.76,3.93,4.04,4.12,4.20,4.33,4.46,4.61,53
20 Nov 2014,3.52,,3.92,4.06,3.76,3.93,4.04,4.12,4.20,4.33,4.46,4.61,53
21 Nov 2014,3.52,,3.91,4.06,3.76,3.92,4.03,4.11,4.19,4.32,4.45,4.61,53
24 Nov 2014,3.52,,3.91,4.05,3.76,3.93,4.04,4.12,4.20,4.33,4.46,4.61,53
25 Nov 2014,3.52,,3.86,4.01,3.75,3.89,3.99,4.08,4.16,4.29,4.41,4.57,53
26 Nov 2014,3.52,,3.82,3.96,3.74,3.89,3.98,4.06,4.13,4.26,4.38,4.54,50
27 Nov 2014,3.52,,3.79,3.94,3.75,3.88,3.97,4.04,4.11,4.23,4.35,4.51,48
28 Nov 2014,3.52,,3.77,3.90,3.74,3.88,3.96,4.03,4.10,4.21,4.33,4.48,44
01 Dec 2014,3.52,,3.74,3.86,3.74,3.86,3.94,4.00,4.06,4.17,4.28,4.43,42
02 Dec 2014,3.52,,3.76,3.88,3.76,3.90,3.97,4.04,4.11,4.21,4.32,4.48,43
03 Dec 2014,3.52,,3.75,3.88,3.74,3.87,3.95,4.03,4.10,4.21,4.32,4.48,46
04 Dec 2014,3.52,,3.75,3.86,3.73,3.86,3.94,4.02,4.09,4.20,4.31,4.47,45
05 Dec 2014,3.52,,3.73,3.84,3.74,3.85,3.93,4.01,4.08,4.19,4.30,4.46,45
08 Dec 2014,3.52,,3.75,3.87,3.73,3.86,3.95,4.03,4.10,4.21,4.32,4.48,46
09 Dec 2014,3.52,,3.74,3.86,3.72,3.85,3.93,4.01,4.08,4.19,4.31,4.46,46
10 Dec 2014,3.52,,3.70,3.83,3.72,3.83,3.91,3.99,4.06,4.17,4.28,4.44,46
11 Dec 2014,3.51,,3.67,3.79,3.72,3.83,3.91,3.99,4.06,4.16,4.26,4.41,43
12 Dec 2014,3.51,,3.63,3.74,3.72,3.82,3.90,3.98,4.04,4.13,4.22,4.37,40
15 Dec 2014,,3.52,3.61,3.70,3.71,3.80,3.87,3.94,4.00,4.09,4.18,4.33,39
16 Dec 2014,,3.54,3.63,3.72,3.71,3.81,3.88,3.95,4.01,4.10,4.18,4.33,38
17 Dec 2014,,3.52,3.59,3.67,3.71,3.79,3.85,3.91,3.96,4.04,4.12,4.27,33
18 Dec 2014,,3.55,3.62,3.70,3.71,3.81,3.89,3.94,4.00,4.07,4.15,4.30,33
19 Dec 2014,,3.60,3.67,3.75,3.73,3.86,3.93,3.99,4.05,4.13,4.20,4.35,35
22 Dec 2014,,3.57,3.63,3.71,3.72,3.83,3.90,3.96,4.02,4.09,4.17,4.32,34
23 Dec 2014,,3.57,3.63,3.70,3.72,3.85,3.92,3.97,4.02,4.10,4.17,4.32,32
24 Dec 2014,,3.59,3.65,3.72,3.72,3.87,3.94,4.00,4.05,4.12,4.19,4.34,32
29 Dec 2014,,3.59,3.65,3.72,3.74,3.87,3.94,4.00,4.05,4.12,4.19,4.34,32
30 Dec 2014,,3.56,3.62,3.68,3.74,3.84,3.91,3.96,4.00,4.08,4.14,4.29,31
31 Dec 2014,,3.53,3.59,3.65,3.74,3.80,3.87,3.92,3.97,4.04,4.11,4.25,31
05 Jan 2015,,3.49,3.55,3.61,3.73,3.80,3.86,3.90,3.94,4.00,4.06,4.20,26
06 Jan 2015,,3.50,3.54,3.58,3.73,3.80,3.85,3.89,3.92,3.96,4.02,4.15,22
07 Jan 2015,,3.48,3.50,3.53,3.72,3.80,3.84,3.87,3.90,3.92,3.96,4.10,17
08 Jan 2015,,3.51,3.54,3.57,3.74,3.83,3.88,3.91,3.94,3.97,4.01,4.14,18
09 Jan 2015,,3.52,3.54,3.58,3.74,3.83,3.88,3.92,3.94,3.98,4.03,4.16,20
12 Jan 2015,,3.49,3.51,3.55,3.73,3.81,3.85,3.89,3.92,3.95,3.98,4.11,18
13 Jan 2015,,3.45,3.47,3.48,3.72,3.77,3.81,3.84,3.86,3.88,3.90,4.01,13
14 Jan 2015,,3.44,3.46,3.47,3.72,3.77,3.80,3.82,3.84,3.86,3.88,3.97,11
15 Jan 2015,,3.44,3.46,3.47,3.72,3.78,3.80,3.82,3.84,3.86,3.88,3.97,10
16 Jan 2015,,3.35,3.36,3.37,3.70,3.73,3.75,3.77,3.78,3.79,3.80,3.88,7
19 Jan 2015,,3.40,3.42,3.43,3.70,3.75,3.77,3.79,3.79,3.81,3.83,3.88,8
20 Jan 2015,,3.40,3.42,3.43,3.69,3.73,3.75,3.77,3.78,3.81,3.83,3.91,10
21 Jan 2015,,3.35,3.37,3.38,3.68,3.69,3.71,3.73,3.75,3.78,3.81,3.89,12
22 Jan 2015,,3.29,3.32,3.34,3.64,3.63,3.64,3.65,3.67,3.71,3.76,3.85,13
23 Jan 2015,,3.29,3.33,3.37,3.65,3.66,3.66,3.68,3.70,3.74,3.79,3.88,13
26 Jan 2015,,3.22,3.27,3.31,3.63,3.62,3.62,3.63,3.65,3.69,3.74,3.88,12
27 Jan 2015,,3.24,3.28,3.33,3.63,3.63,3.63,3.64,3.65,3.69,3.73,3.83,11
28 Jan 2015,,3.24,3.27,3.32,3.65,3.64,3.64,3.65,3.67,3.70,3.73,3.83,9
29 Jan 2015,,3.14,3.15,3.18,3.58,3.57,3.56,3.56,3.57,3.59,3.62,3.71,6
30 Jan 2015,,3.13,3.15,3.18,3.58,3.56,3.56,3.57,3.58,3.61,3.63,3.72,7
02 Feb 2015,,3.08,3.09,3.12,3.57,3.54,3.54,3.54,3.55,3.58,3.60,3.69,6
03 Feb 2015,,3.09,3.10,3.13,3.55,3.54,3.54,3.54,3.55,3.57,3.59,3.69,6
04 Feb 2015,,3.14,3.16,3.20,3.57,3.56,3.57,3.58,3.59,3.63,3.68,3.78,12
05 Feb 2015,,3.11,3.14,3.18,3.56,3.54,3.54,3.55,3.56,3.59,3.62,3.71,9
09 Feb 2015,,3.20,3.23,3.27,3.61,3.62,3.63,3.65,3.66,3.69,3.74,3.83,12
10 Feb 2015,,3.22,3.25,3.29,3.61,3.62,3.63,3.65,3.67,3.70,3.75,3.83,13
11 Feb 2015,,3.26,3.29,3.34,3.62,3.63,3.66,3.68,3.71,3.75,3.81,3.90,18
12 Feb 2015,,3.22,3.25,3.30,3.59,3.60,3.62,3.65,3.68,3.73,3.79,3.88,20
13 Feb 2015,,3.18,3.21,3.26,3.56,3.56,3.58,3.60,3.63,3.68,3.74,3.82,18
16 Feb 2015,,3.20,3.23,3.28,3.59,3.59,3.61,3.64,3.67,3.72,3.78,3.86,18
17 Feb 2015,,3.19,3.22,3.27,3.59,3.59,3.61,3.64,3.67,3.72,3.77,3.86,18
18 Feb 2015,,3.24,3.28,3.34,3.61,3.63,3.66,3.69,3.72,3.78,3.85,3.94,22
19 Feb 2015,,3.20,3.24,3.31,3.59,3.60,3.63,3.66,3.69,3.75,3.81,3.90,21
20 Feb 2015,,3.22,3.26,3.34,3.60,3.62,3.65,3.69,3.72,3.79,3.86,3.95,24
23 Feb 2015,,3.24,3.28,3.36,3.60,3.63,3.67,3.71,3.75,3.81,3.88,3.98,26
24 Feb 2015,,3.21,3.26,3.33,3.59,3.60,3.63,3.67,3.71,3.77,3.84,3.93,24
25 Feb 2015,,3.19,3.23,3.30,3.59,3.60,3.63,3.67,3.70,3.76,3.82,3.91,23
26 Feb 2015,,3.16,3.20,3.27,3.57,3.58,3.60,3.62,3.65,3.69,3.74,3.83,16
27 Feb 2015,,3.18,3.22,3.29,3.58,3.59,3.62,3.64,3.67,3.71,3.77,3.86,18
02 Mar 2015,,3.17,3.21,3.28,3.57,3.58,3.60,3.63,3.65,3.71,3.76,3.86,18
03 Mar 2015,,3.17,3.21,3.29,3.57,3.58,3.60,3.63,3.66,3.72,3.79,3.89,22
04 Mar 2015,,3.21,3.27,3.36,3.58,3.62,3.65,3.68,3.71,3.79,3.87,3.96,25
05 Mar 2015,,3.21,3.28,3.37,3.57,3.59,3.62,3.65,3.69,3.77,3.86,3.95,27
06 Mar 2015,,3.20,3.27,3.36,3.57,3.58,3.60,3.64,3.69,3.77,3.87,3.96,29
09 Mar 2015,,3.27,3.35,3.44,3.60,3.61,3.64,3.69,3.75,3.85,3.95,4.04,34
10 Mar 2015,,3.25,3.34,3.44,3.58,3.58,3.62,3.67,3.72,3.82,3.92,4.02,34
11 Mar 2015,,3.17,3.27,3.37,3.58,3.57,3.60,3.64,3.69,3.78,3.87,3.97,30
12 Mar 2015,,3.15,3.25,3.35,3.58,3.57,3.60,3.64,3.68,3.76,3.84,3.94,28
13 Mar 2015,,3.19,3.28,3.38,3.59,3.58,3.61,3.65,3.70,3.77,3.85,3.95,28
16 Mar 2015,,3.17,3.26,3.36,3.58,3.58,3.61,3.65,3.70,3.77,3.85,3.95,28
17 Mar 2015,,3.14,3.21,3.31,3.57,3.56,3.59,3.63,3.67,3.73,3.81,3.90,25
18 Mar 2015,,3.14,3.21,3.31,3.57,3.55,3.58,3.61,3.65,3.71,3.79,3.89,24
19 Mar 2015,,3.08,3.13,3.21,3.55,3.53,3.54,3.57,3.60,3.65,3.71,3.81,18
20 Mar 2015,,3.09,3.15,3.24,3.57,3.55,3.56,3.59,3.62,3.68,3.73,3.83,18
23 Mar 2015,,3.08,3.14,3.23,3.57,3.55,3.56,3.59,3.62,3.67,3.72,3.82,17
24 Mar 2015,,3.08,3.14,3.23,3.56,3.54,3.55,3.58,3.61,3.66,3.70,3.80,16
25 Mar 2015,,3.04,3.10,3.18,3.55,3.53,3.54,3.55,3.58,3.62,3.66,3.75,13
26 Mar 2015,,3.09,3.14,3.21,3.56,3.55,3.56,3.57,3.60,3.64,3.68,3.77,13
27 Mar 2015,,3.14,3.19,3.26,3.57,3.57,3.59,3.62,3.66,3.71,3.77,3.86,20
30 Mar 2015,,3.12,3.17,3.24,3.57,3.56,3.58,3.61,3.64,3.70,3.76,3.85,20
31 Mar 2015,,3.10,3.15,3.22,3.54,3.52,3.55,3.59,3.62,3.69,3.75,3.85,24
01 Apr 2015,,3.09,3.14,3.21,3.53,3.51,3.53,3.56,3.60,3.67,3.74,3.84,24
02 Apr 2015,,3.06,3.11,3.18,3.51,3.49,3.50,3.53,3.56,3.63,3.69,3.79,20
07 Apr 2015,,3.03,3.08,3.15,3.50,3.46,3.47,3.49,3.53,3.60,3.68,3.77,22
08 Apr 2015,,3.08,3.12,3.19,3.52,3.49,3.49,3.51,3.55,3.62,3.70,3.80,22
09 Apr 2015,,3.08,3.11,3.18,3.53,3.50,3.51,3.53,3.57,3.64,3.71,3.81,22
10 Apr 2015,,3.08,3.10,3.19,3.54,3.51,3.52,3.54,3.58,3.65,3.73,3.82,22
13 Apr 2015,,3.06,3.06,3.14,3.52,3.49,3.49,3.52,3.56,3.62,3.70,3.79,21
14 Apr 2015,,3.05,3.03,3.11,3.52,3.48,3.48,3.50,3.54,3.60,3.67,3.77,20
15 Apr 2015,,3.08,3.03,3.11,3.54,3.49,3.49,3.51,3.54,3.60,3.67,3.77,18
16 Apr 2015,,3.17,3.12,3.17,3.57,3.53,3.53,3.55,3.58,3.65,3.71,3.81,18
17 Apr 2015,,3.16,3.11,3.15,3.56,3.52,3.52,3.54,3.57,3.63,3.70,3.80,18
20 Apr 2015,,3.18,3.14,3.31,3.58,3.55,3.55,3.57,3.60,3.67,3.73,3.83,19
21 Apr 2015,,3.17,3.14,3.32,3.58,3.55,3.56,3.58,3.61,3.67,3.73,3.83,18
22 Apr 2015,,3.18,3.15,3.34,3.60,3.58,3.58,3.60,3.64,3.70,3.76,3.86,18
23 Apr 2015,,3.17,3.14,3.37,3.57,3.56,3.57,3.59,3.63,3.71,3.79,3.89,24
24 Apr 2015,,3.17,3.13,3.38,3.55,3.53,3.55,3.58,3.63,3.71,3.80,3.90,27
28 Apr 2015,,3.16,3.13,3.38,3.55,3.52,3.54,3.58,3.62,3.71,3.80,3.90,28
29 Apr 2015,,3.16,3.12,3.39,3.54,3.51,3.53,3.57,3.62,3.71,3.80,3.90,29
30 Apr 2015,,3.15,3.14,3.45,3.53,3.49,3.52,3.57,3.63,3.74,3.86,3.96,37
01 May 2015,,3.15,3.14,3.48,3.52,3.49,3.51,3.56,3.63,3.74,3.88,3.99,39
04 May 2015,,3.15,3.15,3.49,3.53,3.50,3.52,3.57,3.64,3.76,3.89,4.00,39
05 May 2015,,3.19,3.18,3.53,3.54,3.51,3.54,3.59,3.66,3.78,3.91,4.02,40
06 May 2015,,3.17,3.21,3.60,3.46,3.45,3.50,3.57,3.65,3.80,3.96,4.08,51
07 May 2015,,3.18,3.25,3.67,3.46,3.46,3.51,3.59,3.68,3.84,4.02,4.14,56
08 May 2015,,3.11,3.18,3.59,3.45,3.44,3.49,3.56,3.65,3.79,3.96,4.08,53
11 May 2015,,3.06,3.14,3.54,3.41,3.39,3.44,3.51,3.59,3.73,3.90,4.02,50
12 May 2015,,3.08,3.18,3.63,3.40,3.41,3.47,3.54,3.63,3.79,3.97,4.11,56
13 May 2015,,3.09,3.20,3.68,3.39,3.42,3.48,3.57,3.66,3.82,4.00,4.15,59
14 May 2015,,3.14,3.26,3.75,3.40,3.43,3.50,3.59,3.69,3.86,4.05,4.19,62
15 May 2015,,3.09,3.21,3.69,3.36,3.38,3.46,3.55,3.65,3.81,3.99,4.13,61
18 May 2015,,3.05,3.17,3.65,3.34,3.36,3.43,3.52,3.61,3.76,3.93,4.08,57
19 May 2015,,3.07,3.22,3.71,3.34,3.37,3.45,3.54,3.64,3.81,3.98,4.13,61
20 May 2015,,3.07,3.24,3.76,3.35,3.38,3.46,3.56,3.67,3.84,4.02,4.17,64
21 May 2015,,3.08,3.25,3.77,3.35,3.38,3.45,3.54,3.65,3.81,3.99,4.15,61
22 May 2015,,3.07,3.24,3.76,3.34,3.39,3.46,3.55,3.65,3.82,3.99,4.16,61
25 May 2015,,3.09,3.25,3.78,3.36,3.39,3.47,3.56,3.67,3.84,4.01,4.19,62
26 May 2015,,3.10,3.27,3.79,3.35,3.39,3.47,3.57,3.68,3.85,4.03,4.20,64
27 May 2015,,3.08,3.24,3.75,3.36,3.39,3.47,3.56,3.67,3.84,4.00,4.17,61
28 May 2015,,3.10,3.24,3.71,3.36,3.39,3.46,3.55,3.65,3.80,3.95,4.13,56
29 May 2015,,3.04,3.18,3.63,3.31,3.34,3.41,3.50,3.59,3.74,3.89,4.06,55
02 Jun 2015,,3.06,3.20,3.65,3.32,3.35,3.42,3.50,3.60,3.75,3.90,4.07,55
03 Jun 2015,,3.08,3.25,3.75,3.30,3.33,3.41,3.50,3.61,3.80,3.97,4.15,64
04 Jun 2015,,3.12,3.31,3.84,3.32,3.37,3.46,3.57,3.69,3.90,4.09,4.28,72
05 Jun 2015,,3.13,3.32,3.87,3.32,3.37,3.46,3.57,3.69,3.88,4.08,4.27,71
08 Jun 2015,,3.16,3.36,3.91,3.32,3.38,3.48,3.60,3.72,3.92,4.12,4.31,74
09 Jun 2015,,3.12,3.32,3.87,3.31,3.37,3.46,3.57,3.69,3.88,4.08,4.27,71
10 Jun 2015,,3.13,3.34,3.91,3.30,3.34,3.45,3.57,3.70,3.92,4.14,4.34,80
11 Jun 2015,,3.03,3.28,3.95,3.18,3.24,3.36,3.50,3.65,3.91,4.17,4.40,93
12 Jun 2015,,2.96,3.21,3.85,3.17,3.20,3.30,3.43,3.57,3.81,4.06,4.30,86
15 Jun 2015,,2.95,3.18,3.82,3.16,3.19,3.29,3.41,3.55,3.79,4.03,4.27,85
16 Jun 2015,,2.94,3.17,3.82,3.15,3.16,3.26,3.38,3.52,3.76,4.01,4.25,85
17 Jun 2015,,2.94,3.16,3.80,3.16,3.17,3.26,3.38,3.52,3.75,4.00,4.24,84
18 Jun 2015,,2.88,3.09,3.69,3.08,3.08,3.16,3.27,3.40,3.63,3.87,4.11,79
19 Jun 2015,,2.85,3.06,3.64,3.07,3.07,3.15,3.27,3.40,3.64,3.88,4.12,81
22 Jun 2015,,2.85,3.06,3.64,3.07,3.06,3.15,3.26,3.39,3.63,3.88,4.11,81
23 Jun 2015,,2.89,3.12,3.72,3.09,3.10,3.18,3.30,3.45,3.69,3.96,4.20,87
24 Jun 2015,,2.90,3.13,3.73,3.10,3.11,3.19,3.32,3.46,3.72,3.98,4.22,88
25 Jun 2015,,2.87,3.10,3.70,3.10,3.10,3.18,3.31,3.46,3.70,3.96,4.19,86
26 Jun 2015,,2.86,3.10,3.69,3.10,3.10,3.18,3.31,3.46,3.70,3.95,4.18,85
29 Jun 2015,,2.81,3.04,3.62,3.08,3.08,3.15,3.27,3.40,3.63,3.86,4.10,79
30 Jun 2015,,2.84,3.06,3.62,3.08,3.10,3.17,3.29,3.43,3.66,3.90,4.14,81
01 Jul 2015,,2.84,3.07,3.65,3.09,3.10,3.18,3.30,3.45,3.70,3.95,4.18,85
02 Jul 2015,,2.75,3.01,3.63,3.01,3.02,3.11,3.24,3.40,3.67,3.95,4.19,93
03 Jul 2015,,2.73,2.99,3.62,2.98,2.97,3.06,3.20,3.36,3.64,3.93,4.17,96
06 Jul 2015,,2.69,2.93,3.54,2.96,2.94,3.03,3.16,3.32,3.60,3.88,4.12,94
07 Jul 2015,,2.69,2.92,3.52,2.96,2.96,3.03,3.15,3.31,3.57,3.83,4.08,88
08 Jul 2015,,2.64,2.84,3.43,2.95,2.93,2.98,3.08,3.23,3.47,3.72,3.97,80
09 Jul 2015,,2.68,2.84,3.39,2.96,2.96,3.01,3.12,3.25,3.49,3.74,3.98,78
10 Jul 2015,,2.74,2.91,3.49,2.98,2.98,3.06,3.18,3.32,3.58,3.85,4.09,87
13 Jul 2015,,2.76,2.94,3.53,2.99,2.99,3.07,3.19,3.34,3.60,3.87,4.12,88
14 Jul 2015,,2.78,2.96,3.59,2.99,3.01,3.09,3.22,3.37,3.64,3.92,4.16,91
15 Jul 2015,,2.79,2.97,3.60,2.98,3.00,3.08,3.20,3.35,3.62,3.89,4.13,90
16 Jul 2015,,2.65,2.83,3.46,2.86,2.89,2.97,3.09,3.24,3.50,3.78,4.00,89
17 Jul 2015,,2.62,2.82,3.47,2.84,2.87,2.96,3.08,3.23,3.50,3.78,4.01,91
20 Jul 2015,,2.60,2.80,3.45,2.84,2.86,2.95,3.07,3.21,3.47,3.74,3.98,88
21 Jul 2015,,2.61,2.81,3.45,2.86,2.89,2.97,3.09,3.23,3.48,3.74,3.98,86
22 Jul 2015,,2.60,2.80,3.44,2.84,2.87,2.96,3.07,3.21,3.47,3.74,3.97,87
23 Jul 2015,,2.61,2.79,3.41,2.88,2.90,2.97,3.08,3.20,3.44,3.70,3.94,80
24 Jul 2015,,2.58,2.72,3.31,2.86,2.88,2.95,3.05,3.17,3.41,3.66,3.90,78
27 Jul 2015,,2.56,2.69,3.28,2.87,2.87,2.94,3.03,3.14,3.38,3.63,3.87,76
28 Jul 2015,,2.62,2.73,3.30,2.91,2.93,2.99,3.08,3.19,3.41,3.66,3.91,73
29 Jul 2015,,2.63,2.74,3.34,2.93,2.94,3.01,3.10,3.21,3.45,3.70,3.94,76
30 Jul 2015,,2.64,2.78,3.43,2.92,2.93,3.00,3.10,3.23,3.48,3.74,3.99,82
31 Jul 2015,,2.58,2.72,3.35,2.88,2.89,2.96,3.05,3.17,3.41,3.66,3.91,77
03 Aug 2015,,2.57,2.71,3.33,2.88,2.88,2.95,3.04,3.16,3.39,3.64,3.89,76
04 Aug 2015,,2.55,2.68,3.28,2.86,2.86,2.92,3.01,3.13,3.35,3.60,3.85,75
05 Aug 2015,,2.57,2.70,3.33,2.86,2.88,2.95,3.04,3.16,3.40,3.68,3.93,80
06 Aug 2015,,2.61,2.73,3.38,2.87,2.90,2.97,3.08,3.20,3.44,3.71,3.96,82
07 Aug 2015,,2.62,2.73,3.38,2.86,2.90,2.97,3.07,3.19,3.43,3.69,3.94,80
10 Aug 2015,,2.61,2.72,3.36,2.86,2.89,2.96,3.06,3.17,3.40,3.65,3.90,76
11 Aug 2015,,2.60,2.72,3.36,2.84,2.88,2.95,3.05,3.17,3.40,3.66,3.91,79
12 Aug 2015,,2.55,2.65,3.28,2.82,2.84,2.92,3.01,3.12,3.33,3.58,3.83,74
13 Aug 2015,,2.60,2.71,3.32,2.84,2.87,2.95,3.04,3.16,3.37,3.63,3.87,76
14 Aug 2015,,2.61,2.72,3.33,2.82,2.88,2.96,3.06,3.17,3.39,3.64,3.89,76
17 Aug 2015,,2.61,2.72,3.33,2.82,2.87,2.95,3.06,3.17,3.38,3.63,3.87,76
18 Aug 2015,,2.61,2.72,3.33,2.83,2.89,2.98,3.08,3.19,3.39,3.62,3.86,73
19 Aug 2015,,2.61,2.74,3.34,2.84,2.89,2.98,3.09,3.21,3.42,3.64,3.89,75
20 Aug 2015,,2.56,2.69,3.27,2.81,2.86,2.95,3.05,3.16,3.36,3.57,3.82,71
21 Aug 2015,,2.54,2.66,3.21,2.82,2.85,2.93,3.03,3.14,3.32,3.53,3.78,68
24 Aug 2015,,2.50,2.60,3.15,2.79,2.82,2.90,2.99,3.09,3.27,3.48,3.73,66
25 Aug 2015,,2.53,2.64,3.18,2.79,2.83,2.91,3.01,3.12,3.31,3.53,3.79,70
26 Aug 2015,,2.53,2.65,3.16,2.77,2.82,2.90,3.00,3.11,3.31,3.54,3.80,72
27 Aug 2015,,2.51,2.66,3.20,2.74,2.80,2.89,3.00,3.11,3.33,3.58,3.84,78
28 Aug 2015,,2.52,2.70,3.26,2.75,2.80,2.89,3.00,3.12,3.34,3.61,3.87,81
31 Aug 2015,,2.50,2.67,3.23,2.74,2.78,2.87,2.98,3.10,3.32,3.58,3.84,80
01 Sep 2015,,2.47,2.64,3.20,2.74,2.77,2.86,2.97,3.08,3.30,3.56,3.82,79
02 Sep 2015,,2.52,2.69,3.26,2.75,2.80,2.89,3.00,3.12,3.34,3.60,3.86,80
03 Sep 2015,,2.54,2.72,3.29,2.76,2.81,2.90,3.01,3.13,3.36,3.62,3.89,82
04 Sep 2015,,2.53,2.71,3.28,2.76,2.80,2.89,3.00,3.13,3.35,3.60,3.88,81
07 Sep 2015,,2.54,2.71,3.29,2.78,2.81,2.90,3.02,3.14,3.37,3.62,3.89,81
08 Sep 2015,,2.55,2.72,3.30,2.78,2.81,2.90,3.02,3.14,3.36,3.62,3.89,80
09 Sep 2015,,2.58,2.76,3.34,2.78,2.84,2.93,3.05,3.17,3.40,3.66,3.93,82
10 Sep 2015,,2.49,2.69,3.29,2.69,2.75,2.84,2.97,3.09,3.33,3.60,3.87,85
11 Sep 2015,,2.46,2.66,3.28,2.69,2.73,2.83,2.96,3.10,3.34,3.61,3.88,88
14 Sep 2015,,2.43,2.64,3.25,2.68,2.71,2.81,2.94,3.08,3.33,3.60,3.87,89
15 Sep 2015,,2.43,2.64,3.26,2.68,2.70,2.80,2.93,3.07,3.33,3.60,3.87,90
16 Sep 2015,,2.46,2.70,3.33,2.69,2.72,2.82,2.96,3.11,3.36,3.63,3.86,91
17 Sep 2015,,2.48,2.73,3.37,2.71,2.75,2.85,3.00,3.14,3.40,3.68,3.90,93
18 Sep 2015,,2.44,2.68,3.32,2.70,2.73,2.83,2.96,3.10,3.35,3.62,3.84,89
21 Sep 2015,,2.40,2.65,3.29,2.69,2.70,2.79,2.92,3.06,3.31,3.57,3.80,88
22 Sep 2015,,2.44,2.69,3.33,2.69,2.72,2.81,2.95,3.09,3.34,3.60,3.84,89
23 Sep 2015,,2.40,2.64,3.26,2.67,2.68,2.76,2.88,3.01,3.26,3.51,3.75,83
24 Sep 2015,,2.46,2.69,3.29,2.68,2.70,2.78,2.91,3.04,3.28,3.54,3.78,84
25 Sep 2015,,2.50,2.72,3.33,2.71,2.74,2.83,2.95,3.09,3.33,3.58,3.82,84
28 Sep 2015,,2.49,2.71,3.32,2.71,2.74,2.82,2.95,3.08,3.32,3.57,3.81,84
29 Sep 2015,,2.48,2.69,3.27,2.70,2.70,2.79,2.91,3.04,3.27,3.50,3.74,80
30 Sep 2015,,2.49,2.71,3.28,2.70,2.71,2.78,2.90,3.03,3.26,3.49,3.74,79
01 Oct 2015,,2.50,2.71,3.30,2.70,2.70,2.79,2.91,3.04,3.27,3.51,3.76,81
02 Oct 2015,,2.50,2.71,3.32,2.71,2.71,2.79,2.91,3.04,3.27,3.52,3.77,81
05 Oct 2015,,2.47,2.68,3.29,2.69,2.68,2.75,2.88,3.00,3.24,3.48,3.73,80
06 Oct 2015,,2.51,2.73,3.37,2.70,2.70,2.77,2.89,3.02,3.26,3.51,3.77,82
07 Oct 2015,,2.53,2.75,3.39,2.71,2.71,2.78,2.90,3.03,3.27,3.52,3.77,81
08 Oct 2015,,2.55,2.78,3.41,2.72,2.71,2.79,2.91,3.04,3.28,3.53,3.79,82
09 Oct 2015,,2.58,2.82,3.44,2.71,2.72,2.80,2.93,3.06,3.30,3.56,3.82,84
12 Oct 2015,,2.57,2.81,3.44,2.72,2.73,2.81,2.93,3.07,3.32,3.59,3.84,86
13 Oct 2015,,2.54,2.79,3.41,2.72,2.71,2.79,2.91,3.04,3.29,3.55,3.81,84
14 Oct 2015,,2.53,2.78,3.40,2.73,2.71,2.79,2.90,3.04,3.28,3.53,3.80,82
15 Oct 2015,,2.49,2.69,3.28,2.72,2.73,2.79,2.89,3.02,3.25,3.49,3.75,76
16 Oct 2015,,2.50,2.69,3.30,2.73,2.73,2.80,2.91,3.03,3.27,3.51,3.76,78
19 Oct 2015,,2.50,2.69,3.28,2.73,2.72,2.79,2.90,3.02,3.25,3.49,3.74,77
20 Oct 2015,,2.52,2.71,3.30,2.74,2.75,2.82,2.92,3.05,3.28,3.52,3.78,78
21 Oct 2015,,2.55,2.75,3.34,2.74,2.76,2.84,2.94,3.07,3.31,3.56,3.82,80
22 Oct 2015,,2.54,2.73,3.33,2.74,2.74,2.81,2.91,3.04,3.27,3.52,3.77,78
23 Oct 2015,,2.52,2.71,3.31,2.74,2.74,2.81,2.91,3.03,3.27,3.51,3.77,77
27 Oct 2015,,2.53,2.73,3.32,2.75,2.75,2.82,2.92,3.05,3.28,3.52,3.78,77
28 Oct 2015,,2.48,2.67,3.26,2.73,2.71,2.78,2.88,3.00,3.23,3.47,3.73,76
29 Oct 2015,,2.50,2.69,3.26,2.75,2.73,2.79,2.89,3.01,3.24,3.47,3.73,75
30 Oct 2015,,2.54,2.73,3.30,2.77,2.76,2.83,2.93,3.05,3.28,3.52,3.78,76
02 Nov 2015,,2.53,2.72,3.29,2.76,2.76,2.83,2.94,3.06,3.28,3.52,3.77,76
03 Nov 2015,,2.57,2.76,3.34,2.78,2.80,2.87,2.97,3.10,3.32,3.56,3.81,76
04 Nov 2015,,2.56,2.77,3.37,2.76,2.78,2.85,2.96,3.09,3.33,3.58,3.82,80
05 Nov 2015,,2.57,2.79,3.39,2.76,2.77,2.85,2.96,3.09,3.33,3.59,3.83,82
06 Nov 2015,,2.56,2.87,3.37,2.74,2.75,2.82,2.93,3.05,3.30,3.55,3.79,80
09 Nov 2015,,2.62,2.96,3.48,2.78,2.82,2.89,3.00,3.13,3.38,3.63,3.87,81
10 Nov 2015,,2.68,3.03,3.56,2.77,2.81,2.90,3.02,3.16,3.41,3.66,3.90,85
11 Nov 2015,,2.64,2.99,3.52,2.75,2.78,2.86,2.98,3.12,3.37,3.63,3.87,85
12 Nov 2015,,2.66,3.03,3.58,2.76,2.80,2.89,3.01,3.16,3.41,3.67,3.91,87
13 Nov 2015,,2.64,3.02,3.58,2.76,2.78,2.87,3.00,3.15,3.41,3.67,3.92,89
16 Nov 2015,,2.61,2.98,3.54,2.72,2.75,2.83,2.96,3.10,3.36,3.62,3.87,87
17 Nov 2015,,2.61,2.99,3.56,2.72,2.74,2.83,2.95,3.10,3.35,3.61,3.86,87
18 Nov 2015,,2.59,2.99,3.56,2.71,2.73,2.82,2.94,3.09,3.34,3.59,3.84,86
19 Nov 2015,,2.62,3.01,3.59,2.72,2.74,2.83,2.96,3.10,3.36,3.62,3.88,88
20 Nov 2015,,2.59,2.99,3.57,2.72,2.74,2.82,2.95,3.09,3.35,3.61,3.87,88
23 Nov 2015,,2.62,3.02,3.60,2.71,2.73,2.82,2.95,3.09,3.36,3.62,3.88,89
24 Nov 2015,,2.60,3.00,3.58,2.69,2.71,2.80,2.92,3.07,3.33,3.59,3.85,88
25 Nov 2015,,2.63,3.02,3.60,2.70,2.71,2.80,2.92,3.06,3.32,3.59,3.84,88
26 Nov 2015,,2.57,2.96,3.54,2.69,2.70,2.78,2.90,3.04,3.29,3.54,3.80,84
27 Nov 2015,,2.57,2.95,3.53,2.69,2.71,2.80,2.91,3.05,3.29,3.54,3.80,83
30 Nov 2015,,2.58,2.96,3.54,2.71,2.72,2.81,2.92,3.06,3.30,3.54,3.80,82
01 Dec 2015,,2.59,2.98,3.56,2.72,2.74,2.82,2.94,3.07,3.31,3.56,3.82,82
02 Dec 2015,,2.56,2.93,3.51,2.73,2.73,2.81,2.91,3.04,3.28,3.52,3.78,79
03 Dec 2015,,2.55,2.92,3.51,2.72,2.73,2.81,2.92,3.05,3.29,3.53,3.79,80
04 Dec 2015,,2.58,2.97,3.57,2.74,2.75,2.84,2.96,3.09,3.34,3.62,3.88,87
07 Dec 2015,,2.58,2.97,3.57,2.70,2.72,2.82,2.94,3.08,3.34,3.62,3.88,90
08 Dec 2015,,2.55,2.93,3.53,2.71,2.72,2.82,2.94,3.08,3.33,3.60,3.86,88
09 Dec 2015,,2.53,2.91,3.52,2.69,2.71,2.81,2.93,3.07,3.33,3.59,3.86,88
10 Dec 2015,,2.56,2.92,3.53,2.71,2.74,2.84,2.95,3.07,3.32,3.57,3.83,83
11 Dec 2015,,2.60,2.94,3.55,2.73,2.78,2.88,2.99,3.12,3.37,3.63,3.90,85
14 Dec 2015,,2.58,2.91,3.52,2.72,2.77,2.86,2.98,3.11,3.35,3.60,3.87,84
15 Dec 2015,,2.64,2.97,3.57,2.76,2.82,2.92,3.04,3.17,3.42,3.67,3.95,85
16 Dec 2015,,2.70,3.04,3.64,2.79,2.86,2.97,3.09,3.22,3.47,3.73,4.00,87
17 Dec 2015,,2.68,3.04,3.63,2.75,2.82,2.93,3.08,3.22,3.47,3.73,4.00,92
18 Dec 2015,,2.61,2.95,3.54,2.75,2.80,2.92,3.05,3.18,3.42,3.67,3.94,87
21 Dec 2015,,2.62,2.94,3.53,2.77,2.85,2.97,3.10,3.23,3.46,3.70,3.97,85
22 Dec 2015,,2.63,2.96,3.54,2.76,2.85,2.98,3.12,3.25,3.48,3.72,3.99,86
23 Dec 2015,,2.65,2.98,3.57,2.78,2.87,3.00,3.14,3.28,3.51,3.75,4.02,88
24 Dec 2015,,2.66,3.00,3.58,2.78,2.88,3.01,3.15,3.29,3.53,3.76,4.02,88
29 Dec 2015,,2.64,2.98,3.56,2.77,2.86,2.99,3.14,3.28,3.51,3.74,4.01,88
30 Dec 2015,,2.64,2.99,3.58,2.76,2.86,2.99,3.14,3.28,3.51,3.75,4.01,89
31 Dec 2015,,2.65,3.00,3.58,2.77,2.85,2.98,3.13,3.28,3.51,3.75,4.01,90
05 Jan 2016,,2.57,2.91,3.49,2.75,2.83,2.96,3.10,3.23,3.47,3.71,3.97,88
06 Jan 2016,,2.50,2.83,3.40,2.73,2.79,2.91,3.04,3.17,3.41,3.64,3.90,85
07 Jan 2016,,2.47,2.80,3.37,2.72,2.77,2.88,3.00,3.12,3.35,3.58,3.84,81
08 Jan 2016,,2.51,2.83,3.41,2.73,2.78,2.89,3.02,3.14,3.37,3.61,3.87,83
11 Jan 2016,,2.48,2.80,3.36,2.69,2.75,2.85,2.97,3.09,3.32,3.55,3.81,80
12 Jan 2016,,2.49,2.82,3.38,2.70,2.75,2.86,2.98,3.11,3.34,3.58,3.84,83
13 Jan 2016,,2.47,2.79,3.36,2.70,2.75,2.86,2.98,3.11,3.33,3.58,3.84,82
14 Jan 2016,,2.42,2.73,3.29,2.69,2.73,2.83,2.95,3.07,3.29,3.52,3.78,80
15 Jan 2016,,2.45,2.76,3.32,2.68,2.74,2.84,2.96,3.08,3.30,3.53,3.79,79
18 Jan 2016,,2.41,2.71,3.27,2.65,2.70,2.80,2.92,3.04,3.26,3.48,3.75,78
19 Jan 2016,,2.42,2.73,3.28,2.65,2.68,2.78,2.90,3.03,3.24,3.48,3.74,80
20 Jan 2016,,2.32,2.66,3.20,2.58,2.59,2.69,2.81,2.94,3.17,3.42,3.69,83
21 Jan 2016,,2.36,2.70,3.24,2.62,2.65,2.74,2.87,2.99,3.22,3.46,3.73,81
22 Jan 2016,,2.37,2.71,3.25,2.62,2.67,2.76,2.88,3.01,3.23,3.48,3.74,81
25 Jan 2016,,2.37,2.71,3.25,2.62,2.67,2.76,2.88,3.01,3.23,3.48,3.74,81
26 Jan 2016,,2.41,2.74,3.27,2.63,2.65,2.74,2.86,2.99,3.22,3.47,3.73,82
27 Jan 2016,,2.42,2.75,3.26,2.63,2.65,2.74,2.85,2.97,3.20,3.43,3.70,78
28 Jan 2016,,2.41,2.74,3.25,2.60,2.63,2.71,2.83,2.95,3.17,3.41,3.67,78
29 Jan 2016,,2.40,2.73,3.22,2.60,2.62,2.71,2.82,2.94,3.17,3.41,3.67,79
01 Feb 2016,,2.40,2.73,3.22,2.60,2.62,2.71,2.82,2.94,3.17,3.41,3.67,79
02 Feb 2016,,2.41,2.70,3.18,2.59,2.61,2.69,2.81,2.94,3.16,3.40,3.66,79
03 Feb 2016,,2.39,2.64,3.10,2.59,2.61,2.67,2.77,2.88,3.09,3.31,3.57,70
04 Feb 2016,,2.43,2.68,3.14,2.60,2.63,2.70,2.79,2.90,3.10,3.32,3.58,69
05 Feb 2016,,2.44,2.69,3.14,2.60,2.62,2.69,2.78,2.89,3.09,3.30,3.56,68
09 Feb 2016,,2.40,2.59,3.01,2.56,2.57,2.63,2.71,2.80,2.99,3.20,3.46,63
10 Feb 2016,,2.43,2.62,3.03,2.57,2.59,2.64,2.72,2.81,3.00,3.20,3.46,61
11 Feb 2016,,2.41,2.60,3.01,2.54,2.56,2.61,2.69,2.77,2.95,3.15,3.41,59
12 Feb 2016,,2.39,2.58,2.99,2.53,2.54,2.58,2.66,2.75,2.92,3.12,3.37,58
15 Feb 2016,,2.43,2.63,3.04,2.54,2.57,2.62,2.70,2.79,2.97,3.18,3.44,61
16 Feb 2016,,2.42,2.63,3.05,2.51,2.54,2.60,2.69,2.80,2.99,3.20,3.46,66
17 Feb 2016,,2.39,2.62,3.05,2.50,2.52,2.58,2.68,2.78,2.98,3.20,3.46,68
18 Feb 2016,,2.40,2.64,3.10,2.51,2.52,2.58,2.69,2.80,3.00,3.23,3.50,71
19 Feb 2016,,2.35,2.60,3.06,2.51,2.49,2.55,2.64,2.75,2.95,3.17,3.43,68
22 Feb 2016,,2.35,2.61,3.07,2.50,2.50,2.56,2.65,2.76,2.95,3.17,3.44,67
23 Feb 2016,,2.32,2.58,3.05,2.49,2.48,2.54,2.63,2.73,2.93,3.14,3.41,66
24 Feb 2016,,2.26,2.53,3.01,2.44,2.45,2.50,2.60,2.70,2.89,3.11,3.37,66
25 Feb 2016,,2.24,2.50,2.98,2.44,2.42,2.48,2.57,2.67,2.87,3.08,3.35,66
26 Feb 2016,,2.24,2.49,2.97,2.45,2.42,2.47,2.56,2.66,2.85,3.07,3.33,65
29 Feb 2016,,2.21,2.46,2.97,2.43,2.39,2.45,2.54,2.65,2.84,3.06,3.33,67
01 Mar 2016,,2.18,2.42,2.92,2.41,2.38,2.43,2.52,2.62,2.81,3.03,3.30,65
02 Mar 2016,,2.23,2.47,3.02,2.43,2.42,2.48,2.58,2.68,2.88,3.11,3.38,69
03 Mar 2016,,2.23,2.49,3.05,2.44,2.42,2.48,2.58,2.69,2.90,3.14,3.41,72
04 Mar 2016,,2.23,2.49,3.05,2.44,2.44,2.50,2.59,2.70,2.91,3.15,3.43,71
07 Mar 2016,,2.25,2.51,3.07,2.45,2.44,2.50,2.60,2.71,2.92,3.16,3.44,72
08 Mar 2016,,2.22,2.48,3.05,2.45,2.43,2.48,2.57,2.69,2.89,3.12,3.41,69
09 Mar 2016,,2.20,2.46,3.02,2.45,2.44,2.48,2.57,2.67,2.86,3.08,3.36,64
10 Mar 2016,,2.03,2.34,2.92,2.27,2.24,2.29,2.39,2.51,2.72,2.98,3.27,74
11 Mar 2016,,2.06,2.39,2.99,2.29,2.27,2.33,2.43,2.55,2.77,3.04,3.33,77
14 Mar 2016,,2.10,2.43,3.04,2.30,2.28,2.35,2.45,2.58,2.81,3.08,3.39,80
15 Mar 2016,,2.09,2.43,3.07,2.28,2.27,2.33,2.45,2.57,2.81,3.08,3.39,81
16 Mar 2016,,2.11,2.45,3.11,2.29,2.29,2.36,2.48,2.61,2.84,3.12,3.42,83
17 Mar 2016,,2.07,2.40,3.05,2.24,2.25,2.32,2.43,2.55,2.78,3.05,3.36,80
18 Mar 2016,,2.04,2.36,2.98,2.23,2.23,2.29,2.40,2.52,2.75,3.02,3.32,79
21 Mar 2016,,2.04,2.36,2.99,2.22,2.22,2.29,2.40,2.52,2.75,3.03,3.34,81
22 Mar 2016,,2.06,2.37,3.01,2.23,2.23,2.30,2.40,2.53,2.76,3.03,3.35,80
23 Mar 2016,,2.08,2.42,3.07,2.24,2.26,2.32,2.44,2.58,2.82,3.10,3.43,84
24 Mar 2016,,2.05,2.38,3.04,2.23,2.26,2.33,2.44,2.58,2.81,3.08,3.42,82
29 Mar 2016,,2.05,2.39,3.05,2.24,2.27,2.35,2.47,2.60,2.83,3.10,3.44,83
30 Mar 2016,,1.99,2.32,2.98,2.21,2.21,2.29,2.40,2.53,2.75,3.00,3.33,79
31 Mar 2016,,1.95,2.28,2.93,2.19,2.20,2.27,2.38,2.50,2.72,2.98,3.31,78
01 Apr 2016,,1.97,2.28,2.93,2.20,2.21,2.28,2.39,2.52,2.75,3.01,3.34,80
04 Apr 2016,,1.96,2.22,2.85,2.18,2.17,2.24,2.34,2.46,2.68,2.94,3.27,77
05 Apr 2016,,1.97,2.22,2.85,2.17,2.17,2.24,2.35,2.47,2.68,2.94,3.26,77
06 Apr 2016,,1.98,2.22,2.85,2.18,2.17,2.24,2.34,2.46,2.67,2.93,3.25,76
07 Apr 2016,,1.98,2.23,2.85,2.18,2.19,2.25,2.35,2.47,2.69,2.94,3.26,75
08 Apr 2016,,1.97,2.19,2.81,2.17,2.18,2.24,2.33,2.45,2.67,2.92,3.22,74
11 Apr 2016,,1.99,2.20,2.82,2.17,2.19,2.25,2.35,2.46,2.68,2.93,3.23,74
12 Apr 2016,,2.02,2.23,2.84,2.20,2.21,2.27,2.37,2.48,2.69,2.94,3.24,73
13 Apr 2016,,2.09,2.28,2.89,2.23,2.25,2.32,2.41,2.53,2.74,3.00,3.29,75
14 Apr 2016,,2.06,2.24,2.85,2.21,2.22,2.29,2.38,2.49,2.70,2.96,3.25,74
15 Apr 2016,,2.07,2.25,2.86,2.22,2.25,2.31,2.41,2.52,2.73,2.97,3.27,72
18 Apr 2016,,2.05,2.21,2.81,2.23,2.25,2.30,2.39,2.49,2.68,2.92,3.21,67
19 Apr 2016,,2.08,2.25,2.85,2.25,2.28,2.34,2.43,2.53,2.73,2.97,3.26,69
20 Apr 2016,,2.07,2.24,2.84,2.23,2.24,2.30,2.39,2.49,2.69,2.93,3.22,69
21 Apr 2016,,2.08,2.26,2.88,2.21,2.24,2.30,2.39,2.50,2.72,2.98,3.27,74
22 Apr 2016,,2.07,2.25,2.86,2.20,2.21,2.28,2.37,2.49,2.70,2.97,3.27,76
26 Apr 2016,,2.09,2.30,2.91,2.22,2.23,2.30,2.40,2.52,2.75,3.03,3.31,80
27 Apr 2016,,2.05,2.28,2.90,2.19,2.21,2.28,2.38,2.50,2.73,3.00,3.28,79
28 Apr 2016,,2.08,2.26,2.85,2.25,2.25,2.30,2.39,2.50,2.72,2.97,3.24,72
29 Apr 2016,,2.06,2.24,2.84,2.26,2.25,2.31,2.40,2.51,2.73,2.98,3.25,73
02 May 2016,,2.08,2.25,2.85,2.27,2.26,2.32,2.41,2.52,2.73,2.99,3.26,73
03 May 2016,,2.12,2.29,2.88,2.30,2.31,2.37,2.46,2.57,2.79,3.04,3.31,73
04 May 2016,,2.04,2.21,2.78,2.25,2.24,2.30,2.39,2.50,2.71,2.97,3.24,73
05 May 2016,,2.03,2.18,2.72,2.23,2.22,2.26,2.35,2.46,2.67,2.92,3.18,70
06 May 2016,,1.98,2.09,2.61,2.18,2.15,2.19,2.27,2.37,2.58,2.82,3.09,67
09 May 2016,,2.00,2.11,2.62,2.18,2.16,2.20,2.28,2.39,2.61,2.86,3.12,70
10 May 2016,,1.98,2.08,2.60,2.16,2.13,2.17,2.24,2.35,2.56,2.81,3.06,68
11 May 2016,,2.00,2.10,2.60,2.19,2.16,2.21,2.28,2.38,2.58,2.82,3.07,66
12 May 2016,,2.01,2.11,2.62,2.21,2.20,2.25,2.32,2.41,2.61,2.84,3.09,64
13 May 2016,,2.05,2.14,2.63,2.22,2.22,2.26,2.34,2.43,2.63,2.86,3.11,64
16 May 2016,,2.04,2.12,2.60,2.22,2.20,2.25,2.32,2.41,2.60,2.83,3.08,63
17 May 2016,,2.07,2.15,2.63,2.23,2.22,2.27,2.35,2.45,2.64,2.87,3.12,65
18 May 2016,,2.10,2.17,2.63,2.25,2.24,2.28,2.37,2.46,2.65,2.88,3.12,64
19 May 2016,,2.14,2.24,2.71,2.29,2.28,2.34,2.42,2.52,2.72,2.94,3.19,66
20 May 2016,,2.15,2.23,2.70,2.31,2.29,2.34,2.42,2.51,2.69,2.91,3.14,62
23 May 2016,,2.19,2.27,2.72,2.34,2.33,2.37,2.45,2.54,2.71,2.93,3.16,60
24 May 2016,,2.17,2.25,2.71,2.31,2.30,2.34,2.42,2.51,2.69,2.90,3.13,60
25 May 2016,,2.17,2.25,2.69,2.32,2.31,2.35,2.43,2.52,2.70,2.92,3.15,61
26 May 2016,,2.09,2.18,2.62,2.28,2.27,2.31,2.38,2.47,2.66,2.88,3.11,61
27 May 2016,,2.06,2.13,2.56,2.28,2.25,2.29,2.36,2.46,2.65,2.87,3.11,62
30 May 2016,,2.09,2.15,2.58,2.30,2.29,2.33,2.41,2.50,2.69,2.91,3.16,62
31 May 2016,,2.10,2.17,2.60,2.33,2.30,2.34,2.42,2.52,2.71,2.94,3.18,64
01 Jun 2016,,2.11,2.19,2.65,2.32,2.30,2.33,2.41,2.51,2.71,2.94,3.18,64
02 Jun 2016,,2.09,2.18,2.64,2.30,2.28,2.32,2.39,2.49,2.67,2.88,3.13,60
03 Jun 2016,,2.07,2.16,2.62,2.30,2.28,2.30,2.37,2.45,2.63,2.85,3.09,57
07 Jun 2016,,2.04,2.13,2.59,2.26,2.23,2.26,2.33,2.42,2.60,2.83,3.07,60
08 Jun 2016,,2.09,2.15,2.61,2.29,2.28,2.31,2.37,2.45,2.64,2.86,3.10,58
09 Jun 2016,,2.15,2.19,2.62,2.33,2.32,2.35,2.41,2.48,2.65,2.85,3.09,53
10 Jun 2016,,2.12,2.15,2.56,2.31,2.31,2.34,2.40,2.47,2.63,2.84,3.06,53
13 Jun 2016,,2.10,2.11,2.51,2.29,2.28,2.32,2.37,2.44,2.60,2.80,3.02,52
14 Jun 2016,,2.09,2.11,2.48,2.25,2.25,2.29,2.34,2.41,2.55,2.74,2.97,49
15 Jun 2016,,2.10,2.12,2.48,2.26,2.26,2.30,2.35,2.42,2.57,2.77,3.00,51
16 Jun 2016,,2.07,2.08,2.43,2.25,2.25,2.28,2.32,2.39,2.53,2.72,2.96,47
17 Jun 2016,,2.08,2.10,2.45,2.27,2.27,2.29,2.34,2.40,2.55,2.75,2.98,48
20 Jun 2016,2.11,2.11,2.14,2.49,2.28,2.28,2.31,2.36,2.43,2.59,2.79,3.02,51
21 Jun 2016,2.13,2.13,2.17,2.53,2.29,2.30,2.33,2.38,2.45,2.61,2.82,3.05,52
22 Jun 2016,2.14,2.15,2.19,2.55,2.33,2.32,2.35,2.41,2.48,2.64,2.86,3.09,54
23 Jun 2016,2.16,2.17,2.22,2.59,2.32,2.32,2.35,2.41,2.49,2.65,2.87,3.10,55
24 Jun 2016,1.99,1.99,2.02,2.36,2.20,2.18,2.20,2.24,2.31,2.46,2.66,2.89,48
27 Jun 2016,2.00,2.00,2.02,2.36,2.21,2.18,2.19,2.24,2.30,2.45,2.66,2.89,48
28 Jun 2016,2.01,2.00,2.01,2.33,2.23,2.19,2.20,2.23,2.29,2.42,2.62,2.86,43
29 Jun 2016,2.01,2.00,2.02,2.34,2.26,2.22,2.23,2.26,2.32,2.46,2.65,2.89,43
30 Jun 2016,2.03,2.02,2.03,2.35,2.25,2.23,2.23,2.27,2.33,2.46,2.66,2.90,43
01 Jul 2016,2.00,1.99,2.01,2.33,2.23,2.20,2.20,2.24,2.29,2.42,2.61,2.86,41
04 Jul 2016,1.99,1.98,1.99,2.31,2.22,2.18,2.19,2.22,2.28,2.41,2.60,2.85,42
05 Jul 2016,1.98,1.97,1.98,2.30,2.21,2.17,2.17,2.20,2.26,2.39,2.57,2.82,40
06 Jul 2016,1.96,1.94,1.94,2.23,2.21,2.15,2.14,2.17,2.21,2.32,2.49,2.74,34
07 Jul 2016,1.96,1.95,1.94,2.23,2.24,2.18,2.17,2.18,2.22,2.32,2.49,2.73,31
08 Jul 2016,2.02,2.00,1.99,2.25,2.28,2.23,2.22,2.22,2.24,2.34,2.50,2.73,27
11 Jul 2016,2.02,2.00,1.99,2.25,2.28,2.22,2.21,2.22,2.25,2.34,2.50,2.73,28
12 Jul 2016,2.05,2.03,2.03,2.29,2.29,2.23,2.23,2.25,2.28,2.39,2.55,2.78,32
13 Jul 2016,2.05,2.05,2.05,2.33,2.28,2.23,2.24,2.27,2.31,2.43,2.61,2.84,38
14 Jul 2016,2.00,2.00,2.03,2.30,2.24,2.19,2.19,2.22,2.26,2.38,2.55,2.78,36
15 Jul 2016,1.98,1.99,2.05,2.34,2.21,2.19,2.20,2.24,2.29,2.41,2.59,2.82,40
18 Jul 2016,1.94,1.96,2.02,2.32,2.18,2.15,2.17,2.21,2.26,2.39,2.59,2.82,44
19 Jul 2016,1.88,1.90,1.96,2.26,2.12,2.09,2.10,2.14,2.20,2.32,2.51,2.74,42
20 Jul 2016,1.90,1.92,1.98,2.28,2.15,2.11,2.13,2.17,2.22,2.34,2.52,2.75,41
21 Jul 2016,1.85,1.87,1.94,2.24,2.10,2.05,2.07,2.11,2.15,2.28,2.48,2.71,43
22 Jul 2016,1.82,1.84,1.90,2.20,2.09,2.04,2.06,2.09,2.14,2.25,2.44,2.66,40
25 Jul 2016,1.85,1.86,1.92,2.23,2.10,2.05,2.06,2.10,2.15,2.27,2.45,2.67,40
26 Jul 2016,1.84,1.85,1.91,2.22,2.08,2.04,2.06,2.10,2.15,2.27,2.46,2.68,42
27 Jul 2016,1.87,1.89,1.97,2.27,2.09,2.07,2.09,2.13,2.18,2.31,2.50,2.73,43
28 Jul 2016,1.83,1.84,1.90,2.23,2.08,2.05,2.07,2.10,2.16,2.29,2.48,2.70,43
29 Jul 2016,1.82,1.82,1.87,2.19,2.08,2.04,2.05,2.09,2.14,2.26,2.44,2.67,40
01 Aug 2016,1.78,1.78,1.83,2.15,2.07,2.02,2.04,2.07,2.12,2.24,2.43,2.65,41
02 Aug 2016,1.81,1.80,1.83,2.15,2.07,2.03,2.04,2.07,2.12,2.24,2.43,2.65,40
03 Aug 2016,1.82,1.82,1.85,2.19,2.07,2.02,2.04,2.07,2.13,2.27,2.47,2.69,45
04 Aug 2016,1.81,1.81,1.86,2.22,2.06,2.00,2.02,2.05,2.11,2.25,2.46,2.69,46
05 Aug 2016,1.79,1.78,1.81,2.17,2.04,1.99,2.01,2.04,2.09,2.22,2.42,2.65,43
08 Aug 2016,1.80,1.79,1.83,2.22,2.03,2.00,2.02,2.07,2.12,2.27,2.48,2.71,48
09 Aug 2016,1.75,1.75,1.80,2.20,2.00,1.95,1.98,2.03,2.09,2.24,2.46,2.70,51
10 Aug 2016,1.72,1.72,1.75,2.15,2.00,1.95,1.97,2.01,2.07,2.20,2.41,2.64,46
11 Aug 2016,1.75,1.74,1.75,2.12,2.01,1.97,1.99,2.03,2.08,2.20,2.39,2.62,42
12 Aug 2016,1.76,1.75,1.76,2.14,2.01,1.96,1.98,2.02,2.08,2.21,2.41,2.65,45
15 Aug 2016,1.76,1.74,1.74,2.13,2.00,1.94,1.96,2.00,2.06,2.18,2.38,2.61,44
16 Aug 2016,1.77,1.75,1.76,2.15,2.00,1.95,1.97,2.01,2.06,2.20,2.39,2.62,44
17 Aug 2016,1.79,1.77,1.78,2.18,2.00,1.96,1.97,2.02,2.08,2.21,2.40,2.64,44
18 Aug 2016,1.76,1.74,1.75,2.14,2.00,1.94,1.96,2.01,2.07,2.20,2.39,2.62,45
19 Aug 2016,1.79,1.77,1.78,2.21,2.01,1.97,1.99,2.03,2.09,2.23,2.42,2.65,45
22 Aug 2016,1.80,1.79,1.81,2.30,2.03,2.00,2.02,2.07,2.13,2.28,2.47,2.71,47
23 Aug 2016,1.79,1.77,1.78,2.26,2.03,1.98,2.00,2.05,2.11,2.25,2.43,2.69,45
24 Aug 2016,1.79,1.77,1.79,2.27,2.01,1.98,1.99,2.03,2.09,2.23,2.42,2.67,44
25 Aug 2016,1.78,1.79,1.81,2.27,2.02,1.96,1.98,2.02,2.07,2.21,2.40,2.65,44
26 Aug 2016,1.79,1.79,1.82,2.26,2.02,1.96,1.98,2.02,2.07,2.21,2.39,2.64,43
29 Aug 2016,1.79,1.81,1.84,2.27,2.03,1.97,1.99,2.03,2.09,2.22,2.42,2.67,45
30 Aug 2016,1.79,1.82,1.83,2.25,2.04,1.97,1.99,2.02,2.07,2.20,2.38,2.63,41
31 Aug 2016,1.79,1.81,1.82,2.24,2.05,1.99,2.00,2.03,2.08,2.21,2.39,2.64,40
01 Sep 2016,1.81,1.83,1.84,2.25,2.05,2.00,2.01,2.05,2.09,2.22,2.40,2.65,40
02 Sep 2016,1.81,1.84,1.85,2.26,2.05,2.00,2.01,2.05,2.10,2.22,2.41,2.66,41
05 Sep 2016,1.82,1.85,1.87,2.29,2.05,2.01,2.02,2.06,2.12,2.25,2.44,2.69,43
06 Sep 2016,1.82,1.84,1.89,2.31,2.06,2.01,2.02,2.06,2.12,2.26,2.45,2.70,44
07 Sep 2016,1.82,1.82,1.86,2.24,2.04,1.98,2.00,2.04,2.09,2.22,2.40,2.65,42
08 Sep 2016,1.82,1.83,1.86,2.25,2.05,1.99,2.01,2.05,2.10,2.23,2.41,2.67,42
09 Sep 2016,1.83,1.86,1.91,2.33,2.06,2.01,2.03,2.08,2.15,2.29,2.48,2.74,47
12 Sep 2016,1.86,1.92,2.00,2.44,2.09,2.04,2.07,2.13,2.20,2.36,2.56,2.83,52
13 Sep 2016,1.88,1.94,2.02,2.47,2.10,2.06,2.09,2.14,2.21,2.36,2.56,2.83,50
14 Sep 2016,1.88,1.95,2.06,2.54,2.11,2.06,2.10,2.17,2.24,2.41,2.63,2.92,57
15 Sep 2016,1.88,1.93,2.04,2.53,2.12,2.07,2.10,2.16,2.24,2.40,2.61,2.90,54
16 Sep 2016,1.90,1.95,2.08,2.56,2.12,2.08,2.11,2.17,2.24,2.41,2.62,2.92,54
19 Sep 2016,1.90,1.96,2.09,2.58,2.13,2.09,2.12,2.18,2.25,2.41,2.62,2.91,53
20 Sep 2016,1.90,1.97,2.11,2.61,2.15,2.11,2.14,2.20,2.27,2.43,2.63,2.92,52
21 Sep 2016,1.90,1.98,2.12,2.60,2.12,2.10,2.13,2.20,2.27,2.43,2.64,2.92,54
22 Sep 2016,1.86,1.90,2.02,2.46,2.08,2.03,2.06,2.11,2.19,2.34,2.54,2.82,51
23 Sep 2016,1.84,1.87,1.97,2.38,2.08,2.02,2.04,2.09,2.16,2.31,2.51,2.77,49
26 Sep 2016,1.84,1.87,1.96,2.36,2.06,2.01,2.03,2.08,2.15,2.29,2.49,2.76,48
27 Sep 2016,1.84,1.89,1.97,2.35,2.07,2.01,2.03,2.09,2.15,2.29,2.48,2.75,47
28 Sep 2016,1.86,1.90,1.97,2.32,2.06,2.01,2.03,2.08,2.15,2.28,2.47,2.73,46
29 Sep 2016,1.87,1.93,1.99,2.34,2.08,2.02,2.04,2.09,2.15,2.30,2.49,2.75,47
30 Sep 2016,1.87,1.89,1.93,2.27,2.06,1.99,2.01,2.05,2.11,2.25,2.43,2.68,44
03 Oct 2016,1.87,1.91,1.96,2.31,2.06,2.01,2.03,2.08,2.15,2.29,2.48,2.74,47
04 Oct 2016,1.88,1.94,2.02,2.40,2.09,2.04,2.06,2.12,2.19,2.34,2.54,2.79,50
05 Oct 2016,1.89,1.96,2.06,2.47,2.10,2.06,2.08,2.14,2.22,2.38,2.58,2.83,52
06 Oct 2016,1.89,1.97,2.08,2.49,2.12,2.07,2.10,2.16,2.24,2.41,2.60,2.86,53
07 Oct 2016,1.91,1.95,2.08,2.50,2.12,2.08,2.11,2.17,2.25,2.42,2.62,2.87,54
10 Oct 2016,1.91,1.93,2.06,2.48,2.12,2.08,2.11,2.17,2.25,2.42,2.63,2.88,55
11 Oct 2016,1.89,1.90,2.05,2.50,2.09,2.06,2.09,2.16,2.25,2.42,2.64,2.90,58
12 Oct 2016,1.89,1.91,2.06,2.52,2.09,2.08,2.11,2.18,2.27,2.45,2.67,2.93,59
13 Oct 2016,1.85,1.89,2.02,2.47,2.06,2.04,2.08,2.14,2.23,2.40,2.61,2.85,57
14 Oct 2016,1.85,1.88,2.01,2.49,2.06,2.06,2.10,2.16,2.25,2.42,2.63,2.87,57
17 Oct 2016,1.85,1.89,2.04,2.53,2.08,2.08,2.12,2.18,2.27,2.45,2.67,2.92,59
18 Oct 2016,1.89,1.95,2.10,2.61,2.11,2.13,2.18,2.25,2.34,2.52,2.74,3.00,61
19 Oct 2016,1.89,1.95,2.10,2.62,2.09,2.11,2.17,2.25,2.33,2.52,2.74,3.00,63
20 Oct 2016,1.88,1.93,2.08,2.60,2.07,2.09,2.15,2.23,2.32,2.51,2.74,3.01,65
21 Oct 2016,1.87,1.93,2.08,2.59,2.07,2.08,2.15,2.23,2.32,2.50,2.73,3.00,65
25 Oct 2016,1.87,1.94,2.08,2.59,2.08,2.10,2.16,2.24,2.33,2.50,2.72,3.00,62
26 Oct 2016,1.87,1.95,2.10,2.62,2.08,2.12,2.18,2.26,2.35,2.51,2.72,2.99,60
27 Oct 2016,1.87,1.98,2.14,2.65,2.09,2.14,2.22,2.30,2.39,2.56,2.78,3.06,64
28 Oct 2016,1.88,2.00,2.18,2.71,2.09,2.15,2.24,2.34,2.43,2.62,2.84,3.12,69
31 Oct 2016,1.88,2.00,2.19,2.71,2.08,2.13,2.22,2.32,2.41,2.61,2.83,3.11,70
01 Nov 2016,1.88,1.99,2.18,2.71,2.07,2.13,2.23,2.32,2.42,2.62,2.85,3.13,72
02 Nov 2016,1.89,2.05,2.24,2.75,2.10,2.18,2.28,2.37,2.47,2.66,2.87,3.15,69
03 Nov 2016,1.89,2.05,2.24,2.74,2.10,2.17,2.27,2.37,2.46,2.65,2.85,3.13,68
04 Nov 2016,1.92,2.09,2.30,2.77,2.12,2.21,2.31,2.41,2.51,2.68,2.88,3.15,67
07 Nov 2016,1.92,2.08,2.32,2.78,2.14,2.23,2.34,2.45,2.55,2.72,2.92,3.19,69
08 Nov 2016,1.92,2.09,2.34,2.80,2.15,2.23,2.35,2.47,2.57,2.76,2.96,3.22,73
09 Nov 2016,1.88,1.99,2.24,2.72,2.11,2.19,2.31,2.41,2.51,2.69,2.88,3.16,69
10 Nov 2016,1.86,2.07,2.39,2.94,2.12,2.24,2.39,2.54,2.67,2.89,3.12,3.42,88
11 Nov 2016,1.88,2.12,2.47,3.05,2.13,2.27,2.44,2.59,2.74,2.97,3.22,3.51,95
14 Nov 2016,1.88,2.12,2.50,3.12,2.12,2.28,2.46,2.65,2.80,3.06,3.32,3.62,104
15 Nov 2016,1.87,2.11,2.47,3.09,2.12,2.27,2.44,2.61,2.77,3.03,3.28,3.58,101
16 Nov 2016,1.90,2.11,2.46,3.08,2.10,2.26,2.43,2.60,2.75,3.00,3.26,3.56,100
17 Nov 2016,1.89,2.04,2.38,2.99,2.10,2.22,2.38,2.54,2.68,2.92,3.17,3.46,95
18 Nov 2016,1.92,2.12,2.46,3.09,2.11,2.26,2.44,2.62,2.77,3.03,3.28,3.57,102
21 Nov 2016,1.92,2.10,2.45,3.09,2.11,2.26,2.43,2.60,2.76,3.01,3.27,3.57,101
22 Nov 2016,1.88,2.07,2.42,3.06,2.10,2.24,2.41,2.57,2.73,2.97,3.22,3.53,98
23 Nov 2016,1.90,2.11,2.46,3.12,2.10,2.26,2.43,2.60,2.76,3.01,3.27,3.58,101
24 Nov 2016,1.92,2.16,2.52,3.20,2.11,2.28,2.46,2.64,2.80,3.06,3.32,3.65,104
25 Nov 2016,1.92,2.15,2.51,3.19,2.10,2.27,2.46,2.63,2.79,3.06,3.32,3.64,105
28 Nov 2016,1.90,2.11,2.45,3.10,2.08,2.24,2.42,2.60,2.75,3.00,3.24,3.56,100
29 Nov 2016,1.90,2.12,2.46,3.10,2.08,2.25,2.42,2.59,2.73,2.98,3.22,3.54,97
30 Nov 2016,1.90,2.15,2.49,3.13,2.10,2.27,2.45,2.62,2.77,3.02,3.26,3.58,99
01 Dec 2016,1.91,2.18,2.53,3.20,2.11,2.28,2.47,2.65,2.81,3.07,3.33,3.65,105
02 Dec 2016,1.92,2.19,2.56,3.25,2.12,2.29,2.49,2.68,2.85,3.12,3.40,3.72,111
05 Dec 2016,1.91,2.16,2.53,3.21,2.11,2.27,2.45,2.64,2.80,3.07,3.34,3.66,107
06 Dec 2016,1.91,2.16,2.54,3.24,2.11,2.28,2.47,2.66,2.83,3.10,3.37,3.70,109
07 Dec 2016,1.92,2.16,2.53,3.22,2.11,2.27,2.47,2.66,2.83,3.11,3.38,3.70,111
08 Dec 2016,1.91,2.13,2.49,3.18,2.11,2.26,2.45,2.63,2.79,3.05,3.31,3.63,105
09 Dec 2016,1.91,2.18,2.55,3.28,2.13,2.29,2.50,2.69,2.86,3.13,3.40,3.72,111
12 Dec 2016,1.91,2.19,2.57,3.30,2.13,2.32,2.53,2.73,2.90,3.18,3.45,3.78,113
13 Dec 2016,1.91,2.18,2.56,3.29,2.13,2.31,2.52,2.72,2.89,3.17,3.45,3.77,114
14 Dec 2016,1.90,2.16,2.54,3.28,2.13,2.32,2.53,2.73,2.91,3.19,3.46,3.78,114
15 Dec 2016,1.91,2.24,2.63,3.38,2.17,2.39,2.62,2.82,3.01,3.31,3.58,3.91,119
16 Dec 2016,1.91,2.24,2.64,3.41,2.17,2.41,2.64,2.85,3.04,3.33,3.61,3.93,120
19 Dec 2016,1.91,2.28,2.69,3.45,2.17,2.43,2.67,2.89,3.08,3.36,3.62,3.94,119
20 Dec 2016,1.91,2.28,2.70,3.42,2.17,2.42,2.66,2.87,3.06,3.34,3.59,3.89,117
21 Dec 2016,1.93,2.31,2.74,3.44,2.18,2.45,2.70,2.91,3.09,3.35,3.59,3.88,114
22 Dec 2016,1.93,2.32,2.74,3.44,2.20,2.50,2.74,2.94,3.11,3.37,3.59,3.88,109
23 Dec 2016,1.93,2.36,2.78,3.47,2.22,2.52,2.77,2.97,3.14,3.38,3.59,3.87,107
28 Dec 2016,1.95,2.37,2.79,3.48,2.22,2.54,2.81,3.01,3.17,3.41,3.62,3.90,108
29 Dec 2016,1.91,2.30,2.71,3.38,2.18,2.50,2.75,2.94,3.10,3.34,3.54,3.80,104
30 Dec 2016,1.89,2.26,2.67,3.34,2.18,2.45,2.71,2.89,3.04,3.28,3.48,3.74,103
04 Jan 2017,1.88,2.23,2.65,3.31,2.16,2.44,2.68,2.87,3.02,3.27,3.48,3.74,104
05 Jan 2017,1.88,2.19,2.59,3.23,2.14,2.39,2.62,2.81,2.96,3.21,3.42,3.69,103
06 Jan 2017,1.88,2.20,2.56,3.18,2.14,2.40,2.62,2.80,2.95,3.19,3.41,3.68,101
09 Jan 2017,1.88,2.24,2.62,3.25,2.15,2.42,2.65,2.83,2.99,3.24,3.47,3.73,105
10 Jan 2017,1.88,2.20,2.57,3.18,2.13,2.39,2.61,2.79,2.94,3.19,3.41,3.67,102
11 Jan 2017,1.88,2.21,2.57,3.18,2.14,2.40,2.62,2.81,2.96,3.20,3.43,3.69,103
12 Jan 2017,1.87,2.17,2.52,3.10,2.13,2.37,2.58,2.76,2.92,3.15,3.37,3.63,100
13 Jan 2017,1.87,2.18,2.54,3.13,2.14,2.40,2.62,2.79,2.94,3.18,3.40,3.67,100
16 Jan 2017,1.87,2.19,2.55,3.14,2.13,2.39,2.61,2.79,2.94,3.18,3.40,3.66,101
17 Jan 2017,1.87,2.18,2.54,3.12,2.14,2.39,2.61,2.79,2.94,3.18,3.40,3.66,101
18 Jan 2017,1.87,2.20,2.55,3.11,2.14,2.40,2.61,2.79,2.94,3.18,3.39,3.65,99
19 Jan 2017,1.90,2.26,2.62,3.20,2.16,2.43,2.65,2.84,2.99,3.24,3.46,3.73,103
20 Jan 2017,1.90,2.29,2.66,3.25,2.14,2.43,2.66,2.85,3.01,3.26,3.49,3.75,106
23 Jan 2017,1.90,2.29,2.66,3.25,2.14,2.43,2.66,2.85,3.01,3.26,3.49,3.75,106
24 Jan 2017,1.90,2.27,2.63,3.22,2.14,2.41,2.64,2.83,2.99,3.24,3.47,3.73,106
25 Jan 2017,1.90,2.28,2.65,3.27,2.14,2.42,2.65,2.84,3.00,3.26,3.50,3.76,108
26 Jan 2017,1.90,2.32,2.71,3.36,2.14,2.45,2.70,2.90,3.06,3.32,3.57,3.83,112
27 Jan 2017,1.91,2.36,2.75,3.41,2.15,2.46,2.71,2.91,3.08,3.35,3.60,3.89,114
30 Jan 2017,1.91,2.31,2.70,3.36,2.15,2.44,2.69,2.89,3.05,3.31,3.56,3.84,112
31 Jan 2017,1.93,2.32,2.71,3.36,2.15,2.45,2.71,2.91,3.08,3.34,3.58,3.87,113
01 Feb 2017,1.92,2.30,2.70,3.35,2.14,2.43,2.69,2.89,3.06,3.32,3.56,3.85,113
02 Feb 2017,1.92,2.30,2.72,3.38,2.14,2.41,2.68,2.89,3.07,3.33,3.58,3.86,117
03 Feb 2017,1.92,2.29,2.71,3.39,2.13,2.41,2.67,2.89,3.06,3.33,3.58,3.87,117
07 Feb 2017,1.90,2.25,2.65,3.31,2.13,2.41,2.66,2.86,3.02,3.28,3.52,3.80,111
08 Feb 2017,1.90,2.23,2.60,3.26,2.13,2.40,2.65,2.85,3.01,3.27,3.51,3.79,111
09 Feb 2017,1.86,2.15,2.51,3.16,2.09,2.33,2.57,2.76,2.92,3.18,3.43,3.71,110
10 Feb 2017,1.87,2.17,2.54,3.20,2.10,2.35,2.59,2.79,2.95,3.22,3.47,3.75,112
13 Feb 2017,1.87,2.18,2.54,3.21,2.10,2.35,2.59,2.79,2.96,3.22,3.47,3.75,112
14 Feb 2017,1.87,2.20,2.57,3.25,2.10,2.35,2.60,2.80,2.97,3.23,3.49,3.78,114
15 Feb 2017,1.87,2.22,2.61,3.30,2.11,2.37,2.62,2.84,3.01,3.28,3.53,3.82,116
16 Feb 2017,1.87,2.24,2.66,3.35,2.11,2.38,2.65,2.87,3.05,3.31,3.56,3.85,118
17 Feb 2017,1.87,2.20,2.63,3.33,2.10,2.36,2.63,2.86,3.04,3.31,3.56,3.85,120
20 Feb 2017,1.87,2.17,2.60,3.31,2.09,2.32,2.59,2.82,3.00,3.27,3.53,3.82,121
21 Feb 2017,1.87,2.17,2.61,3.31,2.09,2.34,2.59,2.81,3.00,3.27,3.53,3.82,119
22 Feb 2017,1.87,2.17,2.61,3.31,2.09,2.34,2.60,2.82,3.00,3.27,3.52,3.81,118
23 Feb 2017,1.87,2.16,2.59,3.26,2.09,2.33,2.58,2.79,2.97,3.24,3.49,3.78,116
24 Feb 2017,1.87,2.17,2.58,3.24,2.08,2.32,2.56,2.77,2.94,3.21,3.46,3.75,114
27 Feb 2017,1.87,2.15,2.56,3.22,2.09,2.32,2.56,2.76,2.93,3.19,3.44,3.73,112
28 Feb 2017,1.87,2.17,2.58,3.24,2.09,2.34,2.57,2.78,2.96,3.22,3.46,3.76,112
01 Mar 2017,1.87,2.19,2.59,3.29,2.09,2.34,2.59,2.81,2.99,3.25,3.51,3.81,117
02 Mar 2017,1.87,2.19,2.60,3.33,2.09,2.34,2.60,2.82,3.00,3.27,3.53,3.84,119
03 Mar 2017,1.87,2.17,2.58,3.30,2.09,2.34,2.60,2.82,3.01,3.28,3.54,3.84,120
06 Mar 2017,1.87,2.18,2.59,3.30,2.08,2.34,2.60,2.83,3.01,3.29,3.54,3.85,120
07 Mar 2017,1.87,2.18,2.59,3.31,2.09,2.34,2.60,2.82,3.01,3.29,3.55,3.85,121
08 Mar 2017,1.87,2.18,2.60,3.33,2.08,2.33,2.60,2.83,3.02,3.30,3.56,3.86,123
09 Mar 2017,1.87,2.20,2.63,3.37,2.09,2.35,2.63,2.86,3.06,3.34,3.60,3.91,125
10 Mar 2017,1.88,2.21,2.65,3.40,2.09,2.36,2.64,2.88,3.08,3.37,3.64,3.95,128
13 Mar 2017,1.88,2.18,2.62,3.37,2.08,2.33,2.61,2.85,3.05,3.34,3.61,3.92,128
14 Mar 2017,1.88,2.16,2.60,3.36,2.08,2.33,2.60,2.84,3.04,3.33,3.60,3.90,127
15 Mar 2017,1.88,2.16,2.61,3.36,2.08,2.33,2.61,2.85,3.04,3.34,3.60,3.91,127
16 Mar 2017,1.86,2.10,2.53,3.26,2.06,2.29,2.54,2.77,2.96,3.24,3.51,3.81,122
17 Mar 2017,1.86,2.12,2.55,3.28,2.06,2.30,2.56,2.79,2.99,3.28,3.55,3.86,125
20 Mar 2017,1.86,2.09,2.51,3.23,2.06,2.28,2.53,2.75,2.94,3.23,3.51,3.81,123
21 Mar 2017,1.86,2.09,2.50,3.23,2.06,2.28,2.53,2.75,2.93,3.22,3.49,3.80,121
22 Mar 2017,1.85,2.09,2.49,3.21,2.06,2.29,2.53,2.73,2.91,3.19,3.45,3.76,116
23 Mar 2017,1.85,2.13,2.52,3.21,2.07,2.31,2.55,2.75,2.92,3.19,3.44,3.75,113
24 Mar 2017,1.85,2.14,2.53,3.21,2.07,2.31,2.55,2.75,2.93,3.19,3.45,3.75,114
27 Mar 2017,1.85,2.11,2.48,3.17,2.06,2.29,2.53,2.72,2.89,3.15,3.41,3.71,112
28 Mar 2017,1.86,2.13,2.48,3.18,2.07,2.31,2.54,2.74,2.90,3.16,3.41,3.72,110
29 Mar 2017,1.86,2.15,2.49,3.22,2.07,2.33,2.57,2.77,2.94,3.20,3.46,3.76,113
30 Mar 2017,1.85,2.14,2.47,3.19,2.07,2.32,2.55,2.75,2.92,3.18,3.43,3.74,111
31 Mar 2017,1.84,2.14,2.48,3.19,2.08,2.32,2.55,2.75,2.92,3.19,3.45,3.76,113
03 Apr 2017,1.85,2.12,2.45,3.15,2.07,2.31,2.54,2.74,2.91,3.17,3.43,3.73,112
04 Apr 2017,1.85,2.11,2.42,3.09,2.07,2.27,2.49,2.68,2.84,3.11,3.36,3.66,109
05 Apr 2017,1.84,2.11,2.43,3.10,2.06,2.28,2.50,2.69,2.85,3.11,3.35,3.65,107
06 Apr 2017,1.84,2.11,2.42,3.09,2.06,2.26,2.48,2.66,2.82,3.09,3.34,3.63,108
07 Apr 2017,1.84,2.07,2.39,3.06,2.05,2.25,2.45,2.63,2.79,3.05,3.30,3.59,105
10 Apr 2017,1.85,2.10,2.42,3.12,2.06,2.28,2.49,2.67,2.84,3.10,3.36,3.66,108
11 Apr 2017,1.85,2.08,2.39,3.06,2.06,2.26,2.47,2.65,2.80,3.06,3.31,3.60,105
12 Apr 2017,1.85,2.08,2.37,3.01,2.06,2.27,2.47,2.65,2.81,3.06,3.30,3.59,103
13 Apr 2017,1.85,2.08,2.34,2.93,2.06,2.27,2.47,2.64,2.79,3.03,3.26,3.54,99
18 Apr 2017,1.85,2.12,2.38,2.97,2.07,2.29,2.49,2.66,2.81,3.05,3.29,3.57,100
19 Apr 2017,1.83,2.09,2.33,2.91,2.07,2.29,2.49,2.66,2.80,3.03,3.25,3.53,96
20 Apr 2017,1.83,2.13,2.38,2.95,2.08,2.32,2.52,2.69,2.84,3.07,3.29,3.57,97
21 Apr 2017,1.80,2.09,2.40,2.97,2.07,2.32,2.53,2.71,2.86,3.10,3.33,3.60,101
24 Apr 2017,1.80,2.12,2.45,3.02,2.07,2.34,2.56,2.75,2.90,3.14,3.38,3.65,104
26 Apr 2017,1.80,2.11,2.47,3.08,2.06,2.32,2.54,2.74,2.90,3.15,3.39,3.67,107
27 Apr 2017,1.81,2.10,2.46,3.08,2.07,2.31,2.54,2.73,2.89,3.14,3.39,3.66,108
28 Apr 2017,1.82,2.08,2.43,3.05,2.06,2.30,2.53,2.72,2.88,3.13,3.37,3.64,107
01 May 2017,1.82,2.06,2.41,3.03,2.07,2.29,2.53,2.72,2.88,3.13,3.37,3.65,108
02 May 2017,1.82,2.05,2.40,3.01,2.07,2.30,2.54,2.73,2.90,3.14,3.38,3.66,108
03 May 2017,1.81,2.04,2.37,2.97,2.07,2.30,2.53,2.72,2.88,3.12,3.35,3.63,105
04 May 2017,1.82,2.08,2.43,3.03,2.06,2.31,2.54,2.74,2.91,3.16,3.40,3.68,109
05 May 2017,1.82,2.08,2.44,3.04,2.07,2.32,2.56,2.75,2.92,3.17,3.41,3.69,109
08 May 2017,1.82,2.09,2.46,3.07,2.08,2.34,2.58,2.78,2.95,3.20,3.44,3.71,110
09 May 2017,1.82,2.11,2.48,3.10,2.09,2.35,2.60,2.81,2.97,3.22,3.46,3.72,111
10 May 2017,1.83,2.09,2.47,3.07,2.09,2.34,2.58,2.78,2.95,3.19,3.43,3.69,109
11 May 2017,1.81,2.02,2.40,3.03,2.05,2.27,2.49,2.69,2.86,3.13,3.38,3.66,111
12 May 2017,1.81,1.97,2.35,2.97,2.03,2.23,2.45,2.64,2.81,3.07,3.33,3.60,110
15 May 2017,1.82,1.94,2.31,2.93,2.02,2.22,2.42,2.60,2.76,3.03,3.28,3.55,106
16 May 2017,1.83,1.94,2.31,2.93,2.02,2.23,2.43,2.62,2.78,3.05,3.30,3.57,107
17 May 2017,1.84,1.93,2.29,2.90,2.02,2.22,2.43,2.61,2.77,3.03,3.28,3.55,106
18 May 2017,1.82,1.94,2.26,2.84,2.03,2.23,2.42,2.60,2.75,3.00,3.23,3.50,100
19 May 2017,1.82,1.94,2.26,2.84,2.03,2.23,2.43,2.60,2.75,2.99,3.23,3.49,100
22 May 2017,1.82,1.95,2.26,2.86,2.03,2.24,2.45,2.62,2.77,3.02,3.26,3.52,102
23 May 2017,1.81,1.93,2.24,2.83,2.02,2.23,2.43,2.60,2.75,3.00,3.24,3.50,101
24 May 2017,1.81,1.94,2.25,2.84,2.03,2.23,2.44,2.62,2.77,3.02,3.27,3.54,104
25 May 2017,1.81,1.94,2.52,2.84,2.02,2.22,2.42,2.60,2.75,3.00,3.24,3.50,102
26 May 2017,1.79,1.93,2.48,2.80,2.02,2.21,2.40,2.57,2.72,2.96,3.20,3.46,99
29 May 2017,1.80,1.95,2.51,2.84,2.02,2.23,2.42,2.59,2.74,2.98,3.23,3.50,100
30 May 2017,1.80,1.94,2.50,2.82,2.02,2.23,2.42,2.59,2.74,2.98,3.22,3.49,99
31 May 2017,1.80,1.92,2.46,2.78,2.02,2.21,2.40,2.56,2.70,2.94,3.19,3.45,98
01 Jun 2017,1.80,1.92,2.43,2.73,2.02,2.19,2.37,2.53,2.67,2.92,3.16,3.43,97
02 Jun 2017,1.80,1.94,2.46,2.76,2.01,2.21,2.39,2.55,2.70,2.94,3.19,3.45,98
06 Jun 2017,1.80,1.91,2.41,2.72,2.00,2.19,2.37,2.53,2.68,2.92,3.16,3.43,97
07 Jun 2017,1.80,1.91,2.40,2.70,2.00,2.18,2.36,2.52,2.66,2.90,3.13,3.40,95
08 Jun 2017,1.80,1.93,2.43,2.73,2.01,2.19,2.38,2.54,2.68,2.92,3.16,3.42,97
09 Jun 2017,1.81,1.94,2.45,2.76,2.00,2.20,2.38,2.54,2.69,2.92,3.16,3.42,96
12 Jun 2017,1.81,1.94,2.47,2.78,2.00,2.20,2.38,2.55,2.69,2.93,3.17,3.43,97
13 Jun 2017,1.81,1.93,2.47,2.79,2.00,2.19,2.38,2.54,2.69,2.92,3.16,3.42,97
14 Jun 2017,1.81,1.94,2.47,2.79,2.00,2.20,2.38,2.55,2.69,2.93,3.16,3.42,96
15 Jun 2017,1.81,1.92,2.42,2.72,2.00,2.16,2.34,2.50,2.64,2.87,3.10,3.35,94
16 Jun 2017,1.81,1.94,2.45,2.77,2.01,2.19,2.37,2.53,2.67,2.91,3.14,3.40,95
19 Jun 2017,1.81,1.95,2.46,2.77,2.01,2.20,2.38,2.54,2.69,2.92,3.15,3.40,95
20 Jun 2017,1.81,1.97,2.48,2.79,2.03,2.23,2.41,2.57,2.71,2.93,3.16,3.40,93
21 Jun 2017,1.80,1.96,2.48,2.77,2.03,2.21,2.39,2.55,2.69,2.92,3.15,3.39,94
22 Jun 2017,1.80,1.96,2.48,2.76,2.03,2.20,2.38,2.54,2.68,2.91,3.14,3.38,94
23 Jun 2017,1.80,1.95,2.45,2.73,2.02,2.20,2.38,2.54,2.68,2.90,3.13,3.37,93
26 Jun 2017,1.80,1.95,2.46,2.73,2.02,2.21,2.39,2.55,2.69,2.91,3.14,3.38,93
27 Jun 2017,1.80,1.95,2.45,2.72,2.02,2.21,2.39,2.55,2.68,2.90,3.12,3.36,91
28 Jun 2017,1.81,1.98,2.51,2.79,2.03,2.24,2.43,2.59,2.74,2.97,3.21,3.44,97
29 Jun 2017,1.81,1.98,2.51,2.79,2.06,2.28,2.47,2.65,2.79,3.03,3.26,3.51,99
30 Jun 2017,1.81,2.07,2.67,2.98,2.08,2.33,2.54,2.72,2.87,3.11,3.35,3.59,102
03 Jul 2017,1.81,2.10,2.72,3.04,2.10,2.37,2.59,2.77,2.93,3.17,3.41,3.66,104
04 Jul 2017,1.81,2.06,2.68,3.00,2.09,2.34,2.56,2.74,2.90,3.14,3.38,3.62,104
05 Jul 2017,1.81,2.03,2.65,2.96,2.07,2.31,2.52,2.70,2.86,3.10,3.34,3.58,103
06 Jul 2017,1.81,2.01,2.62,2.93,2.06,2.29,2.51,2.69,2.84,3.08,3.32,3.56,103
07 Jul 2017,1.81,2.05,2.69,3.02,2.07,2.32,2.55,2.74,2.89,3.15,3.40,3.63,108
10 Jul 2017,1.81,2.06,2.70,3.03,2.07,2.33,2.56,2.75,2.91,3.17,3.42,3.67,109
11 Jul 2017,1.81,2.03,2.70,3.03,2.06,2.31,2.54,2.73,2.89,3.15,3.40,3.65,109
12 Jul 2017,1.81,2.01,2.66,3.00,2.06,2.29,2.52,2.70,2.86,3.12,3.37,3.62,108
13 Jul 2017,1.81,1.97,2.61,2.94,2.04,2.27,2.48,2.67,2.83,3.08,3.33,3.58,106
